Timing Analyzer report for mmRISC
Tue May 12 22:42:37 2026
Quartus Prime Version 24.1std.0 Build 1077 03/04/2025 SC Lite Edition


---------------------
; Table of Contents ;
---------------------
  1. Legal Notice
  2. Timing Analyzer Summary
  3. Parallel Compilation
  4. SDC File List
  5. Clocks
  6. Slow 1200mV 85C Model Fmax Summary
  7. Slow 1200mV 85C Model Setup Summary
  8. Slow 1200mV 85C Model Hold Summary
  9. Slow 1200mV 85C Model Recovery Summary
 10. Slow 1200mV 85C Model Removal Summary
 11. Slow 1200mV 85C Model Minimum Pulse Width Summary
 12. Slow 1200mV 85C Model Metastability Summary
 13. Slow 1200mV 0C Model Fmax Summary
 14. Slow 1200mV 0C Model Setup Summary
 15. Slow 1200mV 0C Model Hold Summary
 16. Slow 1200mV 0C Model Recovery Summary
 17. Slow 1200mV 0C Model Removal Summary
 18. Slow 1200mV 0C Model Minimum Pulse Width Summary
 19. Slow 1200mV 0C Model Metastability Summary
 20. Fast 1200mV 0C Model Setup Summary
 21. Fast 1200mV 0C Model Hold Summary
 22. Fast 1200mV 0C Model Recovery Summary
 23. Fast 1200mV 0C Model Removal Summary
 24. Fast 1200mV 0C Model Minimum Pulse Width Summary
 25. Fast 1200mV 0C Model Metastability Summary
 26. Multicorner Timing Analysis Summary
 27. Board Trace Model Assignments
 28. Input Transition Times
 29. Signal Integrity Metrics (Slow 1200mv 0c Model)
 30. Signal Integrity Metrics (Slow 1200mv 85c Model)
 31. Signal Integrity Metrics (Fast 1200mv 0c Model)
 32. Setup Transfers
 33. Hold Transfers
 34. Recovery Transfers
 35. Removal Transfers
 36. Report TCCS
 37. Report RSKM
 38. Unconstrained Paths Summary
 39. Clock Status Summary
 40. Timing Analyzer Messages



----------------
; Legal Notice ;
----------------
Copyright (C) 2025  Altera Corporation. All rights reserved.
Your use of Altera Corporation's design tools, logic functions 
and other software and tools, and any partner logic 
functions, and any output files from any of the foregoing 
(including device programming or simulation files), and any 
associated documentation or information are expressly subject 
to the terms and conditions of the Altera Program License 
Subscription Agreement, the Altera Quartus Prime License Agreement,
the Altera IP License Agreement, or other applicable license
agreement, including, without limitation, that your use is for
the sole purpose of programming logic devices manufactured by
Altera and sold by Altera or its authorized distributors.  Please
refer to the Altera Software License Subscription Agreements 
on the Quartus Prime software download page.



+---------------------------------------------------------------------------------+
; Timing Analyzer Summary                                                         ;
+-----------------------+---------------------------------------------------------+
; Quartus Prime Version ; Version 24.1std.0 Build 1077 03/04/2025 SC Lite Edition ;
; Timing Analyzer       ; Legacy Timing Analyzer                                  ;
; Revision Name         ; mmRISC                                                  ;
; Device Family         ; MAX 10                                                  ;
; Device Name           ; 10M50DAF484C7G                                          ;
; Timing Models         ; Final                                                   ;
; Delay Model           ; Combined                                                ;
; Rise/Fall Delays      ; Enabled                                                 ;
+-----------------------+---------------------------------------------------------+


+------------------------------------------+
; Parallel Compilation                     ;
+----------------------------+-------------+
; Processors                 ; Number      ;
+----------------------------+-------------+
; Number detected on machine ; 4           ;
; Maximum allowed            ; 2           ;
;                            ;             ;
; Average used               ; 1.68        ;
; Maximum used               ; 2           ;
;                            ;             ;
; Usage by Processor         ; % Time Used ;
;     Processor 1            ; 100.0%      ;
;     Processor 2            ;  68.0%      ;
+----------------------------+-------------+


+---------------------------------------------------+
; SDC File List                                     ;
+---------------+--------+--------------------------+
; SDC File Path ; Status ; Read at                  ;
+---------------+--------+--------------------------+
; mmRISC.sdc    ; OK     ; Tue May 12 22:41:58 2026 ;
+---------------+--------+--------------------------+


+--------------------------------------------------------------------------------------------------------------------------------------------------------------------------------------------------------------------------------------------------+
; Clocks                                                                                                                                                                                                                                           ;
+------------+------+-----------+-----------+-------+----------+------------+-----------+-------------+-------+--------+-----------+------------+----------+--------+--------+---------------------------------------------------------------------+
; Clock Name ; Type ; Period    ; Frequency ; Rise  ; Fall     ; Duty Cycle ; Divide by ; Multiply by ; Phase ; Offset ; Edge List ; Edge Shift ; Inverted ; Master ; Source ; Targets                                                             ;
+------------+------+-----------+-----------+-------+----------+------------+-----------+-------------+-------+--------+-----------+------------+----------+--------+--------+---------------------------------------------------------------------+
; CLK        ; Base ; 50.000    ; 20.0 MHz  ; 0.000 ; 25.000   ;            ;           ;             ;       ;        ;           ;            ;          ;        ;        ; { U_CHIP_TOP|U_PLL|altpll_component|auto_generated|pll1|clk[0] }    ;
; CLK50      ; Base ; 20.000    ; 50.0 MHz  ; 0.000 ; 10.000   ;            ;           ;             ;       ;        ;           ;            ;          ;        ;        ; { CLK50 }                                                           ;
; CLKLO      ; Base ; 10000.000 ; 0.1 MHz   ; 0.000 ; 5000.000 ;            ;           ;             ;       ;        ;           ;            ;          ;        ;        ; { U_CHIP_TOP|U_PLL|altpll_component|auto_generated|pll1|clk[2] }    ;
; LOCK       ; Base ; 100.000   ; 10.0 MHz  ; 0.000 ; 50.000   ;            ;           ;             ;       ;        ;           ;            ;          ;        ;        ; { U_CHIP_TOP|U_PLL|altpll_component|auto_generated|locked|combout } ;
; TCKC       ; Base ; 100.000   ; 10.0 MHz  ; 0.000 ; 50.000   ;            ;           ;             ;       ;        ;           ;            ;          ;        ;        ; { TCKC_rep }                                                        ;
; TCKi       ; Base ; 100.000   ; 10.0 MHz  ; 0.000 ; 50.000   ;            ;           ;             ;       ;        ;           ;            ;          ;        ;        ; { TCK }                                                             ;
; TCKo       ; Base ; 100.000   ; 10.0 MHz  ; 0.000 ; 50.000   ;            ;           ;             ;       ;        ;           ;            ;          ;        ;        ; { TCKC_rep }                                                        ;
; TMSC       ; Base ; 100.000   ; 10.0 MHz  ; 0.000 ; 50.000   ;            ;           ;             ;       ;        ;           ;            ;          ;        ;        ; { TMSC_rep }                                                        ;
+------------+------+-----------+-----------+-------+----------+------------+-----------+-------------+-------+--------+-----------+------------+----------+--------+--------+---------------------------------------------------------------------+


+-----------------------------------------------------------------------------------------------------------+
; Slow 1200mV 85C Model Fmax Summary                                                                        ;
+------------+-----------------+------------+---------------------------------------------------------------+
; Fmax       ; Restricted Fmax ; Clock Name ; Note                                                          ;
+------------+-----------------+------------+---------------------------------------------------------------+
; 22.78 MHz  ; 22.78 MHz       ; TCKo       ;                                                               ;
; 22.83 MHz  ; 22.83 MHz       ; CLK        ;                                                               ;
; 22.83 MHz  ; 22.83 MHz       ; CLKLO      ;                                                               ;
; 26.17 MHz  ; 26.17 MHz       ; TCKi       ;                                                               ;
; 30.55 MHz  ; 30.55 MHz       ; TCKC       ;                                                               ;
; 192.75 MHz ; 192.75 MHz      ; CLK50      ;                                                               ;
; 544.37 MHz ; 138.14 MHz      ; TMSC       ; limit due to minimum period restriction (max I/O toggle rate) ;
+------------+-----------------+------------+---------------------------------------------------------------+
This panel reports FMAX for every clock in the design, regardless of the user-specified clock periods.  FMAX is only computed for paths where the source and destination registers or ports are driven by the same clock.  Paths of different clocks, including generated clocks, are ignored.  For paths between a clock and its inversion, FMAX is computed as if the rising and falling edges are scaled along with FMAX, such that the duty cycle (in terms of a percentage) is maintained. Altera recommends that you always use clock constraints and other slack reports for sign-off analysis.


+-------------------------------------+
; Slow 1200mV 85C Model Setup Summary ;
+-------+--------+--------------------+
; Clock ; Slack  ; End Point TNS      ;
+-------+--------+--------------------+
; CLK   ; 0.735  ; 0.000              ;
; CLKLO ; 10.756 ; 0.000              ;
; CLK50 ; 14.812 ; 0.000              ;
; TCKo  ; 28.047 ; 0.000              ;
; TCKi  ; 30.894 ; 0.000              ;
; TCKC  ; 33.634 ; 0.000              ;
; TMSC  ; 98.163 ; 0.000              ;
+-------+--------+--------------------+


+------------------------------------+
; Slow 1200mV 85C Model Hold Summary ;
+-------+-------+--------------------+
; Clock ; Slack ; End Point TNS      ;
+-------+-------+--------------------+
; CLK   ; 0.340 ; 0.000              ;
; CLKLO ; 0.340 ; 0.000              ;
; TCKC  ; 0.341 ; 0.000              ;
; TCKi  ; 0.341 ; 0.000              ;
; TCKo  ; 0.341 ; 0.000              ;
; CLK50 ; 0.357 ; 0.000              ;
; TMSC  ; 0.378 ; 0.000              ;
+-------+-------+--------------------+


+----------------------------------------+
; Slow 1200mV 85C Model Recovery Summary ;
+-------+--------+-----------------------+
; Clock ; Slack  ; End Point TNS         ;
+-------+--------+-----------------------+
; CLK   ; 1.442  ; 0.000                 ;
; LOCK  ; 10.699 ; 0.000                 ;
; CLKLO ; 11.463 ; 0.000                 ;
; TCKi  ; 34.876 ; 0.000                 ;
; TCKo  ; 37.599 ; 0.000                 ;
; TCKC  ; 40.057 ; 0.000                 ;
+-------+--------+-----------------------+


+---------------------------------------+
; Slow 1200mV 85C Model Removal Summary ;
+-------+-------+-----------------------+
; Clock ; Slack ; End Point TNS         ;
+-------+-------+-----------------------+
; CLK   ; 1.357 ; 0.000                 ;
; CLKLO ; 1.357 ; 0.000                 ;
; TCKC  ; 3.027 ; 0.000                 ;
; TCKo  ; 3.027 ; 0.000                 ;
; TCKi  ; 5.548 ; 0.000                 ;
; LOCK  ; 6.998 ; 0.000                 ;
+-------+-------+-----------------------+


+---------------------------------------------------+
; Slow 1200mV 85C Model Minimum Pulse Width Summary ;
+-------+----------+--------------------------------+
; Clock ; Slack    ; End Point TNS                  ;
+-------+----------+--------------------------------+
; CLK50 ; 9.638    ; 0.000                          ;
; CLK   ; 24.647   ; 0.000                          ;
; TCKC  ; 49.625   ; 0.000                          ;
; TCKo  ; 49.625   ; 0.000                          ;
; TCKi  ; 49.645   ; 0.000                          ;
; TMSC  ; 49.717   ; 0.000                          ;
; LOCK  ; 49.760   ; 0.000                          ;
; CLKLO ; 4999.630 ; 0.000                          ;
+-------+----------+--------------------------------+


-----------------------------------------------
; Slow 1200mV 85C Model Metastability Summary ;
-----------------------------------------------
The design MTBF is not calculated because there are no specified synchronizers in the design.
Number of Synchronizer Chains Found: 7
Shortest Synchronizer Chain: 2 Registers
Fraction of Chains for which MTBFs Could Not be Calculated: 1.000
Worst Case Available Settling Time: 78.174 ns




+-----------------------------------------------------------------------------------------------------------+
; Slow 1200mV 0C Model Fmax Summary                                                                         ;
+------------+-----------------+------------+---------------------------------------------------------------+
; Fmax       ; Restricted Fmax ; Clock Name ; Note                                                          ;
+------------+-----------------+------------+---------------------------------------------------------------+
; 24.49 MHz  ; 24.49 MHz       ; TCKo       ;                                                               ;
; 24.79 MHz  ; 24.79 MHz       ; CLK        ;                                                               ;
; 24.79 MHz  ; 24.79 MHz       ; CLKLO      ;                                                               ;
; 27.96 MHz  ; 27.96 MHz       ; TCKi       ;                                                               ;
; 32.55 MHz  ; 32.55 MHz       ; TCKC       ;                                                               ;
; 215.98 MHz ; 215.98 MHz      ; CLK50      ;                                                               ;
; 592.77 MHz ; 138.14 MHz      ; TMSC       ; limit due to minimum period restriction (max I/O toggle rate) ;
+------------+-----------------+------------+---------------------------------------------------------------+
This panel reports FMAX for every clock in the design, regardless of the user-specified clock periods.  FMAX is only computed for paths where the source and destination registers or ports are driven by the same clock.  Paths of different clocks, including generated clocks, are ignored.  For paths between a clock and its inversion, FMAX is computed as if the rising and falling edges are scaled along with FMAX, such that the duty cycle (in terms of a percentage) is maintained. Altera recommends that you always use clock constraints and other slack reports for sign-off analysis.


+------------------------------------+
; Slow 1200mV 0C Model Setup Summary ;
+-------+--------+-------------------+
; Clock ; Slack  ; End Point TNS     ;
+-------+--------+-------------------+
; CLK   ; 0.906  ; 0.000             ;
; CLKLO ; 10.927 ; 0.000             ;
; CLK50 ; 15.370 ; 0.000             ;
; TCKo  ; 29.582 ; 0.000             ;
; TCKi  ; 32.116 ; 0.000             ;
; TCKC  ; 34.640 ; 0.000             ;
; TMSC  ; 98.313 ; 0.000             ;
+-------+--------+-------------------+


+-----------------------------------+
; Slow 1200mV 0C Model Hold Summary ;
+-------+-------+-------------------+
; Clock ; Slack ; End Point TNS     ;
+-------+-------+-------------------+
; CLK   ; 0.305 ; 0.000             ;
; CLKLO ; 0.305 ; 0.000             ;
; TCKC  ; 0.306 ; 0.000             ;
; TCKi  ; 0.306 ; 0.000             ;
; TCKo  ; 0.306 ; 0.000             ;
; CLK50 ; 0.323 ; 0.000             ;
; TMSC  ; 0.339 ; 0.000             ;
+-------+-------+-------------------+


+---------------------------------------+
; Slow 1200mV 0C Model Recovery Summary ;
+-------+--------+----------------------+
; Clock ; Slack  ; End Point TNS        ;
+-------+--------+----------------------+
; CLK   ; 1.589  ; 0.000                ;
; LOCK  ; 11.017 ; 0.000                ;
; CLKLO ; 11.610 ; 0.000                ;
; TCKi  ; 35.817 ; 0.000                ;
; TCKo  ; 38.239 ; 0.000                ;
; TCKC  ; 40.857 ; 0.000                ;
+-------+--------+----------------------+


+--------------------------------------+
; Slow 1200mV 0C Model Removal Summary ;
+-------+-------+----------------------+
; Clock ; Slack ; End Point TNS        ;
+-------+-------+----------------------+
; CLK   ; 1.219 ; 0.000                ;
; CLKLO ; 1.219 ; 0.000                ;
; TCKC  ; 2.835 ; 0.000                ;
; TCKo  ; 2.835 ; 0.000                ;
; TCKi  ; 5.096 ; 0.000                ;
; LOCK  ; 6.486 ; 0.000                ;
+-------+-------+----------------------+


+--------------------------------------------------+
; Slow 1200mV 0C Model Minimum Pulse Width Summary ;
+-------+----------+-------------------------------+
; Clock ; Slack    ; End Point TNS                 ;
+-------+----------+-------------------------------+
; CLK50 ; 9.724    ; 0.000                         ;
; CLK   ; 24.613   ; 0.000                         ;
; TCKC  ; 49.657   ; 0.000                         ;
; TCKo  ; 49.657   ; 0.000                         ;
; TCKi  ; 49.665   ; 0.000                         ;
; LOCK  ; 49.757   ; 0.000                         ;
; TMSC  ; 49.759   ; 0.000                         ;
; CLKLO ; 4999.604 ; 0.000                         ;
+-------+----------+-------------------------------+


----------------------------------------------
; Slow 1200mV 0C Model Metastability Summary ;
----------------------------------------------
The design MTBF is not calculated because there are no specified synchronizers in the design.
Number of Synchronizer Chains Found: 7
Shortest Synchronizer Chain: 2 Registers
Fraction of Chains for which MTBFs Could Not be Calculated: 1.000
Worst Case Available Settling Time: 79.220 ns




+------------------------------------+
; Fast 1200mV 0C Model Setup Summary ;
+-------+--------+-------------------+
; Clock ; Slack  ; End Point TNS     ;
+-------+--------+-------------------+
; CLK   ; 2.958  ; 0.000             ;
; CLKLO ; 12.964 ; 0.000             ;
; CLK50 ; 17.298 ; 0.000             ;
; TCKo  ; 35.784 ; 0.000             ;
; TCKi  ; 37.087 ; 0.000             ;
; TCKC  ; 39.096 ; 0.000             ;
; TMSC  ; 99.221 ; 0.000             ;
+-------+--------+-------------------+


+-----------------------------------+
; Fast 1200mV 0C Model Hold Summary ;
+-------+-------+-------------------+
; Clock ; Slack ; End Point TNS     ;
+-------+-------+-------------------+
; CLK   ; 0.147 ; 0.000             ;
; CLKLO ; 0.147 ; 0.000             ;
; TCKC  ; 0.148 ; 0.000             ;
; TCKi  ; 0.148 ; 0.000             ;
; TCKo  ; 0.148 ; 0.000             ;
; CLK50 ; 0.154 ; 0.000             ;
; TMSC  ; 0.166 ; 0.000             ;
+-------+-------+-------------------+


+---------------------------------------+
; Fast 1200mV 0C Model Recovery Summary ;
+-------+--------+----------------------+
; Clock ; Slack  ; End Point TNS        ;
+-------+--------+----------------------+
; CLK   ; 3.325  ; 0.000                ;
; LOCK  ; 12.798 ; 0.000                ;
; CLKLO ; 13.331 ; 0.000                ;
; TCKi  ; 40.361 ; 0.000                ;
; TCKo  ; 41.606 ; 0.000                ;
; TCKC  ; 45.567 ; 0.000                ;
+-------+--------+----------------------+


+--------------------------------------+
; Fast 1200mV 0C Model Removal Summary ;
+-------+-------+----------------------+
; Clock ; Slack ; End Point TNS        ;
+-------+-------+----------------------+
; CLKLO ; 0.453 ; 0.000                ;
; CLK   ; 0.471 ; 0.000                ;
; TCKC  ; 1.260 ; 0.000                ;
; TCKo  ; 1.260 ; 0.000                ;
; TCKi  ; 2.576 ; 0.000                ;
; LOCK  ; 2.994 ; 0.000                ;
+-------+-------+----------------------+


+--------------------------------------------------+
; Fast 1200mV 0C Model Minimum Pulse Width Summary ;
+-------+----------+-------------------------------+
; Clock ; Slack    ; End Point TNS                 ;
+-------+----------+-------------------------------+
; CLK50 ; 9.342    ; 0.000                         ;
; CLK   ; 24.581   ; 0.000                         ;
; TCKC  ; 49.085   ; 0.000                         ;
; TCKo  ; 49.085   ; 0.000                         ;
; TCKi  ; 49.276   ; 0.000                         ;
; TMSC  ; 49.426   ; 0.000                         ;
; LOCK  ; 49.780   ; 0.000                         ;
; CLKLO ; 4999.582 ; 0.000                         ;
+-------+----------+-------------------------------+


----------------------------------------------
; Fast 1200mV 0C Model Metastability Summary ;
----------------------------------------------
The design MTBF is not calculated because there are no specified synchronizers in the design.
Number of Synchronizer Chains Found: 7
Shortest Synchronizer Chain: 2 Registers
Fraction of Chains for which MTBFs Could Not be Calculated: 1.000
Worst Case Available Settling Time: 84.181 ns




+------------------------------------------------------------------------------+
; Multicorner Timing Analysis Summary                                          ;
+------------------+--------+-------+----------+---------+---------------------+
; Clock            ; Setup  ; Hold  ; Recovery ; Removal ; Minimum Pulse Width ;
+------------------+--------+-------+----------+---------+---------------------+
; Worst-case Slack ; 0.735  ; 0.147 ; 1.442    ; 0.453   ; 9.342               ;
;  CLK             ; 0.735  ; 0.147 ; 1.442    ; 0.471   ; 24.581              ;
;  CLK50           ; 14.812 ; 0.154 ; N/A      ; N/A     ; 9.342               ;
;  CLKLO           ; 10.756 ; 0.147 ; 11.463   ; 0.453   ; 4999.582            ;
;  LOCK            ; N/A    ; N/A   ; 10.699   ; 2.994   ; 49.757              ;
;  TCKC            ; 33.634 ; 0.148 ; 40.057   ; 1.260   ; 49.085              ;
;  TCKi            ; 30.894 ; 0.148 ; 34.876   ; 2.576   ; 49.276              ;
;  TCKo            ; 28.047 ; 0.148 ; 37.599   ; 1.260   ; 49.085              ;
;  TMSC            ; 98.163 ; 0.166 ; N/A      ; N/A     ; 49.426              ;
; Design-wide TNS  ; 0.0    ; 0.0   ; 0.0      ; 0.0     ; 0.0                 ;
;  CLK             ; 0.000  ; 0.000 ; 0.000    ; 0.000   ; 0.000               ;
;  CLK50           ; 0.000  ; 0.000 ; N/A      ; N/A     ; 0.000               ;
;  CLKLO           ; 0.000  ; 0.000 ; 0.000    ; 0.000   ; 0.000               ;
;  LOCK            ; N/A    ; N/A   ; 0.000    ; 0.000   ; 0.000               ;
;  TCKC            ; 0.000  ; 0.000 ; 0.000    ; 0.000   ; 0.000               ;
;  TCKi            ; 0.000  ; 0.000 ; 0.000    ; 0.000   ; 0.000               ;
;  TCKo            ; 0.000  ; 0.000 ; 0.000    ; 0.000   ; 0.000               ;
;  TMSC            ; 0.000  ; 0.000 ; N/A      ; N/A     ; 0.000               ;
+------------------+--------+-------+----------+---------+---------------------+


+-------------------------------------------------------------------------------------------------------------------------------------------------------------------------------------------------------------------------------------------------------------------------------------------------------------------------------------------------------------------------------------------------------------------+
; Board Trace Model Assignments                                                                                                                                                                                                                                                                                                                                                                                     ;
+----------------+--------------+-------------------+-------------------------+-------------------------+---------------+---------------------+----------------+------------------+--------+------------------+------------------------+------------------------+--------------+---------------+-----------------+-------+---------------------+--------------------+---------------+-----------------+-------------+
; Pin            ; I/O Standard ; Near Tline Length ; Near Tline L per Length ; Near Tline C per Length ; Near Series R ; Near Differential R ; Near Pull-up R ; Near Pull-down R ; Near C ; Far Tline Length ; Far Tline L per Length ; Far Tline C per Length ; Far Series R ; Far Pull-up R ; Far Pull-down R ; Far C ; Termination Voltage ; Far Differential R ; EBD File Name ; EBD Signal Name ; EBD Far-end ;
+----------------+--------------+-------------------+-------------------------+-------------------------+---------------+---------------------+----------------+------------------+--------+------------------+------------------------+------------------------+--------------+---------------+-----------------+-------+---------------------+--------------------+---------------+-----------------+-------------+
; STBY_ACK_N     ; 2.5 V        ; 0 in              ; 0 H/in                  ; 0 F/in                  ; short         ; -                   ; open           ; open             ; open   ; 0 in             ; 0 H/in                 ; 0 F/in                 ; short        ; open          ; open            ; open  ; 0 V                 ; -                  ; n/a           ; n/a             ; n/a         ;
; RESOUT_N       ; 2.5 V        ; 0 in              ; 0 H/in                  ; 0 F/in                  ; short         ; -                   ; open           ; open             ; open   ; 0 in             ; 0 H/in                 ; 0 F/in                 ; short        ; open          ; open            ; open  ; 0 V                 ; -                  ; n/a           ; n/a             ; n/a         ;
; TDO            ; 2.5 V        ; 0 in              ; 0 H/in                  ; 0 F/in                  ; short         ; -                   ; open           ; open             ; open   ; 0 in             ; 0 H/in                 ; 0 F/in                 ; short        ; open          ; open            ; open  ; 0 V                 ; -                  ; n/a           ; n/a             ; n/a         ;
; TCKC_pri       ; 2.5 V        ; 0 in              ; 0 H/in                  ; 0 F/in                  ; short         ; -                   ; open           ; open             ; open   ; 0 in             ; 0 H/in                 ; 0 F/in                 ; short        ; open          ; open            ; open  ; 0 V                 ; -                  ; n/a           ; n/a             ; n/a         ;
; TMSC_PUP_rep   ; 2.5 V        ; 0 in              ; 0 H/in                  ; 0 F/in                  ; short         ; -                   ; open           ; open             ; open   ; 0 in             ; 0 H/in                 ; 0 F/in                 ; short        ; open          ; open            ; open  ; 0 V                 ; -                  ; n/a           ; n/a             ; n/a         ;
; TMSC_PDN_rep   ; 2.5 V        ; 0 in              ; 0 H/in                  ; 0 F/in                  ; short         ; -                   ; open           ; open             ; open   ; 0 in             ; 0 H/in                 ; 0 F/in                 ; short        ; open          ; open            ; open  ; 0 V                 ; -                  ; n/a           ; n/a             ; n/a         ;
; TXD            ; 2.5 V        ; 0 in              ; 0 H/in                  ; 0 F/in                  ; short         ; -                   ; open           ; open             ; open   ; 0 in             ; 0 H/in                 ; 0 F/in                 ; short        ; open          ; open            ; open  ; 0 V                 ; -                  ; n/a           ; n/a             ; n/a         ;
; I2C0_ENA       ; 2.5 V        ; 0 in              ; 0 H/in                  ; 0 F/in                  ; short         ; -                   ; open           ; open             ; open   ; 0 in             ; 0 H/in                 ; 0 F/in                 ; short        ; open          ; open            ; open  ; 0 V                 ; -                  ; n/a           ; n/a             ; n/a         ;
; I2C0_ADR       ; 2.5 V        ; 0 in              ; 0 H/in                  ; 0 F/in                  ; short         ; -                   ; open           ; open             ; open   ; 0 in             ; 0 H/in                 ; 0 F/in                 ; short        ; open          ; open            ; open  ; 0 V                 ; -                  ; n/a           ; n/a             ; n/a         ;
; SPI_CSN[0]     ; 2.5 V        ; 0 in              ; 0 H/in                  ; 0 F/in                  ; short         ; -                   ; open           ; open             ; open   ; 0 in             ; 0 H/in                 ; 0 F/in                 ; short        ; open          ; open            ; open  ; 0 V                 ; -                  ; n/a           ; n/a             ; n/a         ;
; SPI_CSN[1]     ; 2.5 V        ; 0 in              ; 0 H/in                  ; 0 F/in                  ; short         ; -                   ; open           ; open             ; open   ; 0 in             ; 0 H/in                 ; 0 F/in                 ; short        ; open          ; open            ; open  ; 0 V                 ; -                  ; n/a           ; n/a             ; n/a         ;
; SPI_CSN[2]     ; 2.5 V        ; 0 in              ; 0 H/in                  ; 0 F/in                  ; short         ; -                   ; open           ; open             ; open   ; 0 in             ; 0 H/in                 ; 0 F/in                 ; short        ; open          ; open            ; open  ; 0 V                 ; -                  ; n/a           ; n/a             ; n/a         ;
; SPI_CSN[3]     ; 2.5 V        ; 0 in              ; 0 H/in                  ; 0 F/in                  ; short         ; -                   ; open           ; open             ; open   ; 0 in             ; 0 H/in                 ; 0 F/in                 ; short        ; open          ; open            ; open  ; 0 V                 ; -                  ; n/a           ; n/a             ; n/a         ;
; SPI_SCK        ; 2.5 V        ; 0 in              ; 0 H/in                  ; 0 F/in                  ; short         ; -                   ; open           ; open             ; open   ; 0 in             ; 0 H/in                 ; 0 F/in                 ; short        ; open          ; open            ; open  ; 0 V                 ; -                  ; n/a           ; n/a             ; n/a         ;
; SPI_MOSI       ; 2.5 V        ; 0 in              ; 0 H/in                  ; 0 F/in                  ; short         ; -                   ; open           ; open             ; open   ; 0 in             ; 0 H/in                 ; 0 F/in                 ; short        ; open          ; open            ; open  ; 0 V                 ; -                  ; n/a           ; n/a             ; n/a         ;
; SDRAM_CLK      ; 2.5 V        ; 0 in              ; 0 H/in                  ; 0 F/in                  ; short         ; -                   ; open           ; open             ; open   ; 0 in             ; 0 H/in                 ; 0 F/in                 ; short        ; open          ; open            ; open  ; 0 V                 ; -                  ; n/a           ; n/a             ; n/a         ;
; SDRAM_CKE      ; 2.5 V        ; 0 in              ; 0 H/in                  ; 0 F/in                  ; short         ; -                   ; open           ; open             ; open   ; 0 in             ; 0 H/in                 ; 0 F/in                 ; short        ; open          ; open            ; open  ; 0 V                 ; -                  ; n/a           ; n/a             ; n/a         ;
; SDRAM_CSn      ; 2.5 V        ; 0 in              ; 0 H/in                  ; 0 F/in                  ; short         ; -                   ; open           ; open             ; open   ; 0 in             ; 0 H/in                 ; 0 F/in                 ; short        ; open          ; open            ; open  ; 0 V                 ; -                  ; n/a           ; n/a             ; n/a         ;
; SDRAM_DQM[0]   ; 2.5 V        ; 0 in              ; 0 H/in                  ; 0 F/in                  ; short         ; -                   ; open           ; open             ; open   ; 0 in             ; 0 H/in                 ; 0 F/in                 ; short        ; open          ; open            ; open  ; 0 V                 ; -                  ; n/a           ; n/a             ; n/a         ;
; SDRAM_DQM[1]   ; 2.5 V        ; 0 in              ; 0 H/in                  ; 0 F/in                  ; short         ; -                   ; open           ; open             ; open   ; 0 in             ; 0 H/in                 ; 0 F/in                 ; short        ; open          ; open            ; open  ; 0 V                 ; -                  ; n/a           ; n/a             ; n/a         ;
; SDRAM_RASn     ; 2.5 V        ; 0 in              ; 0 H/in                  ; 0 F/in                  ; short         ; -                   ; open           ; open             ; open   ; 0 in             ; 0 H/in                 ; 0 F/in                 ; short        ; open          ; open            ; open  ; 0 V                 ; -                  ; n/a           ; n/a             ; n/a         ;
; SDRAM_CASn     ; 2.5 V        ; 0 in              ; 0 H/in                  ; 0 F/in                  ; short         ; -                   ; open           ; open             ; open   ; 0 in             ; 0 H/in                 ; 0 F/in                 ; short        ; open          ; open            ; open  ; 0 V                 ; -                  ; n/a           ; n/a             ; n/a         ;
; SDRAM_WEn      ; 2.5 V        ; 0 in              ; 0 H/in                  ; 0 F/in                  ; short         ; -                   ; open           ; open             ; open   ; 0 in             ; 0 H/in                 ; 0 F/in                 ; short        ; open          ; open            ; open  ; 0 V                 ; -                  ; n/a           ; n/a             ; n/a         ;
; SDRAM_BA[0]    ; 2.5 V        ; 0 in              ; 0 H/in                  ; 0 F/in                  ; short         ; -                   ; open           ; open             ; open   ; 0 in             ; 0 H/in                 ; 0 F/in                 ; short        ; open          ; open            ; open  ; 0 V                 ; -                  ; n/a           ; n/a             ; n/a         ;
; SDRAM_BA[1]    ; 2.5 V        ; 0 in              ; 0 H/in                  ; 0 F/in                  ; short         ; -                   ; open           ; open             ; open   ; 0 in             ; 0 H/in                 ; 0 F/in                 ; short        ; open          ; open            ; open  ; 0 V                 ; -                  ; n/a           ; n/a             ; n/a         ;
; SDRAM_ADDR[0]  ; 2.5 V        ; 0 in              ; 0 H/in                  ; 0 F/in                  ; short         ; -                   ; open           ; open             ; open   ; 0 in             ; 0 H/in                 ; 0 F/in                 ; short        ; open          ; open            ; open  ; 0 V                 ; -                  ; n/a           ; n/a             ; n/a         ;
; SDRAM_ADDR[1]  ; 2.5 V        ; 0 in              ; 0 H/in                  ; 0 F/in                  ; short         ; -                   ; open           ; open             ; open   ; 0 in             ; 0 H/in                 ; 0 F/in                 ; short        ; open          ; open            ; open  ; 0 V                 ; -                  ; n/a           ; n/a             ; n/a         ;
; SDRAM_ADDR[2]  ; 2.5 V        ; 0 in              ; 0 H/in                  ; 0 F/in                  ; short         ; -                   ; open           ; open             ; open   ; 0 in             ; 0 H/in                 ; 0 F/in                 ; short        ; open          ; open            ; open  ; 0 V                 ; -                  ; n/a           ; n/a             ; n/a         ;
; SDRAM_ADDR[3]  ; 2.5 V        ; 0 in              ; 0 H/in                  ; 0 F/in                  ; short         ; -                   ; open           ; open             ; open   ; 0 in             ; 0 H/in                 ; 0 F/in                 ; short        ; open          ; open            ; open  ; 0 V                 ; -                  ; n/a           ; n/a             ; n/a         ;
; SDRAM_ADDR[4]  ; 2.5 V        ; 0 in              ; 0 H/in                  ; 0 F/in                  ; short         ; -                   ; open           ; open             ; open   ; 0 in             ; 0 H/in                 ; 0 F/in                 ; short        ; open          ; open            ; open  ; 0 V                 ; -                  ; n/a           ; n/a             ; n/a         ;
; SDRAM_ADDR[5]  ; 2.5 V        ; 0 in              ; 0 H/in                  ; 0 F/in                  ; short         ; -                   ; open           ; open             ; open   ; 0 in             ; 0 H/in                 ; 0 F/in                 ; short        ; open          ; open            ; open  ; 0 V                 ; -                  ; n/a           ; n/a             ; n/a         ;
; SDRAM_ADDR[6]  ; 2.5 V        ; 0 in              ; 0 H/in                  ; 0 F/in                  ; short         ; -                   ; open           ; open             ; open   ; 0 in             ; 0 H/in                 ; 0 F/in                 ; short        ; open          ; open            ; open  ; 0 V                 ; -                  ; n/a           ; n/a             ; n/a         ;
; SDRAM_ADDR[7]  ; 2.5 V        ; 0 in              ; 0 H/in                  ; 0 F/in                  ; short         ; -                   ; open           ; open             ; open   ; 0 in             ; 0 H/in                 ; 0 F/in                 ; short        ; open          ; open            ; open  ; 0 V                 ; -                  ; n/a           ; n/a             ; n/a         ;
; SDRAM_ADDR[8]  ; 2.5 V        ; 0 in              ; 0 H/in                  ; 0 F/in                  ; short         ; -                   ; open           ; open             ; open   ; 0 in             ; 0 H/in                 ; 0 F/in                 ; short        ; open          ; open            ; open  ; 0 V                 ; -                  ; n/a           ; n/a             ; n/a         ;
; SDRAM_ADDR[9]  ; 2.5 V        ; 0 in              ; 0 H/in                  ; 0 F/in                  ; short         ; -                   ; open           ; open             ; open   ; 0 in             ; 0 H/in                 ; 0 F/in                 ; short        ; open          ; open            ; open  ; 0 V                 ; -                  ; n/a           ; n/a             ; n/a         ;
; SDRAM_ADDR[10] ; 2.5 V        ; 0 in              ; 0 H/in                  ; 0 F/in                  ; short         ; -                   ; open           ; open             ; open   ; 0 in             ; 0 H/in                 ; 0 F/in                 ; short        ; open          ; open            ; open  ; 0 V                 ; -                  ; n/a           ; n/a             ; n/a         ;
; SDRAM_ADDR[11] ; 2.5 V        ; 0 in              ; 0 H/in                  ; 0 F/in                  ; short         ; -                   ; open           ; open             ; open   ; 0 in             ; 0 H/in                 ; 0 F/in                 ; short        ; open          ; open            ; open  ; 0 V                 ; -                  ; n/a           ; n/a             ; n/a         ;
; SDRAM_ADDR[12] ; 2.5 V        ; 0 in              ; 0 H/in                  ; 0 F/in                  ; short         ; -                   ; open           ; open             ; open   ; 0 in             ; 0 H/in                 ; 0 F/in                 ; short        ; open          ; open            ; open  ; 0 V                 ; -                  ; n/a           ; n/a             ; n/a         ;
; TMSC_pri       ; 2.5 V        ; 0 in              ; 0 H/in                  ; 0 F/in                  ; short         ; -                   ; open           ; open             ; open   ; 0 in             ; 0 H/in                 ; 0 F/in                 ; short        ; open          ; open            ; open  ; 0 V                 ; -                  ; n/a           ; n/a             ; n/a         ;
; TMSC_rep       ; 2.5 V        ; 0 in              ; 0 H/in                  ; 0 F/in                  ; short         ; -                   ; open           ; open             ; open   ; 0 in             ; 0 H/in                 ; 0 F/in                 ; short        ; open          ; open            ; open  ; 0 V                 ; -                  ; n/a           ; n/a             ; n/a         ;
; GPIO0[0]       ; 2.5 V        ; 0 in              ; 0 H/in                  ; 0 F/in                  ; short         ; -                   ; open           ; open             ; open   ; 0 in             ; 0 H/in                 ; 0 F/in                 ; short        ; open          ; open            ; open  ; 0 V                 ; -                  ; n/a           ; n/a             ; n/a         ;
; GPIO0[1]       ; 2.5 V        ; 0 in              ; 0 H/in                  ; 0 F/in                  ; short         ; -                   ; open           ; open             ; open   ; 0 in             ; 0 H/in                 ; 0 F/in                 ; short        ; open          ; open            ; open  ; 0 V                 ; -                  ; n/a           ; n/a             ; n/a         ;
; GPIO0[2]       ; 2.5 V        ; 0 in              ; 0 H/in                  ; 0 F/in                  ; short         ; -                   ; open           ; open             ; open   ; 0 in             ; 0 H/in                 ; 0 F/in                 ; short        ; open          ; open            ; open  ; 0 V                 ; -                  ; n/a           ; n/a             ; n/a         ;
; GPIO0[3]       ; 2.5 V        ; 0 in              ; 0 H/in                  ; 0 F/in                  ; short         ; -                   ; open           ; open             ; open   ; 0 in             ; 0 H/in                 ; 0 F/in                 ; short        ; open          ; open            ; open  ; 0 V                 ; -                  ; n/a           ; n/a             ; n/a         ;
; GPIO0[4]       ; 2.5 V        ; 0 in              ; 0 H/in                  ; 0 F/in                  ; short         ; -                   ; open           ; open             ; open   ; 0 in             ; 0 H/in                 ; 0 F/in                 ; short        ; open          ; open            ; open  ; 0 V                 ; -                  ; n/a           ; n/a             ; n/a         ;
; GPIO0[5]       ; 2.5 V        ; 0 in              ; 0 H/in                  ; 0 F/in                  ; short         ; -                   ; open           ; open             ; open   ; 0 in             ; 0 H/in                 ; 0 F/in                 ; short        ; open          ; open            ; open  ; 0 V                 ; -                  ; n/a           ; n/a             ; n/a         ;
; GPIO0[6]       ; 2.5 V        ; 0 in              ; 0 H/in                  ; 0 F/in                  ; short         ; -                   ; open           ; open             ; open   ; 0 in             ; 0 H/in                 ; 0 F/in                 ; short        ; open          ; open            ; open  ; 0 V                 ; -                  ; n/a           ; n/a             ; n/a         ;
; GPIO0[7]       ; 2.5 V        ; 0 in              ; 0 H/in                  ; 0 F/in                  ; short         ; -                   ; open           ; open             ; open   ; 0 in             ; 0 H/in                 ; 0 F/in                 ; short        ; open          ; open            ; open  ; 0 V                 ; -                  ; n/a           ; n/a             ; n/a         ;
; GPIO0[8]       ; 2.5 V        ; 0 in              ; 0 H/in                  ; 0 F/in                  ; short         ; -                   ; open           ; open             ; open   ; 0 in             ; 0 H/in                 ; 0 F/in                 ; short        ; open          ; open            ; open  ; 0 V                 ; -                  ; n/a           ; n/a             ; n/a         ;
; GPIO0[9]       ; 2.5 V        ; 0 in              ; 0 H/in                  ; 0 F/in                  ; short         ; -                   ; open           ; open             ; open   ; 0 in             ; 0 H/in                 ; 0 F/in                 ; short        ; open          ; open            ; open  ; 0 V                 ; -                  ; n/a           ; n/a             ; n/a         ;
; GPIO0[10]      ; 2.5 V        ; 0 in              ; 0 H/in                  ; 0 F/in                  ; short         ; -                   ; open           ; open             ; open   ; 0 in             ; 0 H/in                 ; 0 F/in                 ; short        ; open          ; open            ; open  ; 0 V                 ; -                  ; n/a           ; n/a             ; n/a         ;
; GPIO0[11]      ; 2.5 V        ; 0 in              ; 0 H/in                  ; 0 F/in                  ; short         ; -                   ; open           ; open             ; open   ; 0 in             ; 0 H/in                 ; 0 F/in                 ; short        ; open          ; open            ; open  ; 0 V                 ; -                  ; n/a           ; n/a             ; n/a         ;
; GPIO0[12]      ; 2.5 V        ; 0 in              ; 0 H/in                  ; 0 F/in                  ; short         ; -                   ; open           ; open             ; open   ; 0 in             ; 0 H/in                 ; 0 F/in                 ; short        ; open          ; open            ; open  ; 0 V                 ; -                  ; n/a           ; n/a             ; n/a         ;
; GPIO0[13]      ; 2.5 V        ; 0 in              ; 0 H/in                  ; 0 F/in                  ; short         ; -                   ; open           ; open             ; open   ; 0 in             ; 0 H/in                 ; 0 F/in                 ; short        ; open          ; open            ; open  ; 0 V                 ; -                  ; n/a           ; n/a             ; n/a         ;
; GPIO0[14]      ; 2.5 V        ; 0 in              ; 0 H/in                  ; 0 F/in                  ; short         ; -                   ; open           ; open             ; open   ; 0 in             ; 0 H/in                 ; 0 F/in                 ; short        ; open          ; open            ; open  ; 0 V                 ; -                  ; n/a           ; n/a             ; n/a         ;
; GPIO0[15]      ; 2.5 V        ; 0 in              ; 0 H/in                  ; 0 F/in                  ; short         ; -                   ; open           ; open             ; open   ; 0 in             ; 0 H/in                 ; 0 F/in                 ; short        ; open          ; open            ; open  ; 0 V                 ; -                  ; n/a           ; n/a             ; n/a         ;
; GPIO0[16]      ; 2.5 V        ; 0 in              ; 0 H/in                  ; 0 F/in                  ; short         ; -                   ; open           ; open             ; open   ; 0 in             ; 0 H/in                 ; 0 F/in                 ; short        ; open          ; open            ; open  ; 0 V                 ; -                  ; n/a           ; n/a             ; n/a         ;
; GPIO0[17]      ; 2.5 V        ; 0 in              ; 0 H/in                  ; 0 F/in                  ; short         ; -                   ; open           ; open             ; open   ; 0 in             ; 0 H/in                 ; 0 F/in                 ; short        ; open          ; open            ; open  ; 0 V                 ; -                  ; n/a           ; n/a             ; n/a         ;
; GPIO0[18]      ; 2.5 V        ; 0 in              ; 0 H/in                  ; 0 F/in                  ; short         ; -                   ; open           ; open             ; open   ; 0 in             ; 0 H/in                 ; 0 F/in                 ; short        ; open          ; open            ; open  ; 0 V                 ; -                  ; n/a           ; n/a             ; n/a         ;
; GPIO0[19]      ; 2.5 V        ; 0 in              ; 0 H/in                  ; 0 F/in                  ; short         ; -                   ; open           ; open             ; open   ; 0 in             ; 0 H/in                 ; 0 F/in                 ; short        ; open          ; open            ; open  ; 0 V                 ; -                  ; n/a           ; n/a             ; n/a         ;
; GPIO0[20]      ; 2.5 V        ; 0 in              ; 0 H/in                  ; 0 F/in                  ; short         ; -                   ; open           ; open             ; open   ; 0 in             ; 0 H/in                 ; 0 F/in                 ; short        ; open          ; open            ; open  ; 0 V                 ; -                  ; n/a           ; n/a             ; n/a         ;
; GPIO0[21]      ; 2.5 V        ; 0 in              ; 0 H/in                  ; 0 F/in                  ; short         ; -                   ; open           ; open             ; open   ; 0 in             ; 0 H/in                 ; 0 F/in                 ; short        ; open          ; open            ; open  ; 0 V                 ; -                  ; n/a           ; n/a             ; n/a         ;
; GPIO0[22]      ; 2.5 V        ; 0 in              ; 0 H/in                  ; 0 F/in                  ; short         ; -                   ; open           ; open             ; open   ; 0 in             ; 0 H/in                 ; 0 F/in                 ; short        ; open          ; open            ; open  ; 0 V                 ; -                  ; n/a           ; n/a             ; n/a         ;
; GPIO0[23]      ; 2.5 V        ; 0 in              ; 0 H/in                  ; 0 F/in                  ; short         ; -                   ; open           ; open             ; open   ; 0 in             ; 0 H/in                 ; 0 F/in                 ; short        ; open          ; open            ; open  ; 0 V                 ; -                  ; n/a           ; n/a             ; n/a         ;
; GPIO0[24]      ; 2.5 V        ; 0 in              ; 0 H/in                  ; 0 F/in                  ; short         ; -                   ; open           ; open             ; open   ; 0 in             ; 0 H/in                 ; 0 F/in                 ; short        ; open          ; open            ; open  ; 0 V                 ; -                  ; n/a           ; n/a             ; n/a         ;
; GPIO0[25]      ; 2.5 V        ; 0 in              ; 0 H/in                  ; 0 F/in                  ; short         ; -                   ; open           ; open             ; open   ; 0 in             ; 0 H/in                 ; 0 F/in                 ; short        ; open          ; open            ; open  ; 0 V                 ; -                  ; n/a           ; n/a             ; n/a         ;
; GPIO0[26]      ; 2.5 V        ; 0 in              ; 0 H/in                  ; 0 F/in                  ; short         ; -                   ; open           ; open             ; open   ; 0 in             ; 0 H/in                 ; 0 F/in                 ; short        ; open          ; open            ; open  ; 0 V                 ; -                  ; n/a           ; n/a             ; n/a         ;
; GPIO0[27]      ; 2.5 V        ; 0 in              ; 0 H/in                  ; 0 F/in                  ; short         ; -                   ; open           ; open             ; open   ; 0 in             ; 0 H/in                 ; 0 F/in                 ; short        ; open          ; open            ; open  ; 0 V                 ; -                  ; n/a           ; n/a             ; n/a         ;
; GPIO0[28]      ; 2.5 V        ; 0 in              ; 0 H/in                  ; 0 F/in                  ; short         ; -                   ; open           ; open             ; open   ; 0 in             ; 0 H/in                 ; 0 F/in                 ; short        ; open          ; open            ; open  ; 0 V                 ; -                  ; n/a           ; n/a             ; n/a         ;
; GPIO0[29]      ; 2.5 V        ; 0 in              ; 0 H/in                  ; 0 F/in                  ; short         ; -                   ; open           ; open             ; open   ; 0 in             ; 0 H/in                 ; 0 F/in                 ; short        ; open          ; open            ; open  ; 0 V                 ; -                  ; n/a           ; n/a             ; n/a         ;
; GPIO0[30]      ; 2.5 V        ; 0 in              ; 0 H/in                  ; 0 F/in                  ; short         ; -                   ; open           ; open             ; open   ; 0 in             ; 0 H/in                 ; 0 F/in                 ; short        ; open          ; open            ; open  ; 0 V                 ; -                  ; n/a           ; n/a             ; n/a         ;
; GPIO0[31]      ; 2.5 V        ; 0 in              ; 0 H/in                  ; 0 F/in                  ; short         ; -                   ; open           ; open             ; open   ; 0 in             ; 0 H/in                 ; 0 F/in                 ; short        ; open          ; open            ; open  ; 0 V                 ; -                  ; n/a           ; n/a             ; n/a         ;
; GPIO1[0]       ; 2.5 V        ; 0 in              ; 0 H/in                  ; 0 F/in                  ; short         ; -                   ; open           ; open             ; open   ; 0 in             ; 0 H/in                 ; 0 F/in                 ; short        ; open          ; open            ; open  ; 0 V                 ; -                  ; n/a           ; n/a             ; n/a         ;
; GPIO1[1]       ; 2.5 V        ; 0 in              ; 0 H/in                  ; 0 F/in                  ; short         ; -                   ; open           ; open             ; open   ; 0 in             ; 0 H/in                 ; 0 F/in                 ; short        ; open          ; open            ; open  ; 0 V                 ; -                  ; n/a           ; n/a             ; n/a         ;
; GPIO1[2]       ; 2.5 V        ; 0 in              ; 0 H/in                  ; 0 F/in                  ; short         ; -                   ; open           ; open             ; open   ; 0 in             ; 0 H/in                 ; 0 F/in                 ; short        ; open          ; open            ; open  ; 0 V                 ; -                  ; n/a           ; n/a             ; n/a         ;
; GPIO1[3]       ; 2.5 V        ; 0 in              ; 0 H/in                  ; 0 F/in                  ; short         ; -                   ; open           ; open             ; open   ; 0 in             ; 0 H/in                 ; 0 F/in                 ; short        ; open          ; open            ; open  ; 0 V                 ; -                  ; n/a           ; n/a             ; n/a         ;
; GPIO1[4]       ; 2.5 V        ; 0 in              ; 0 H/in                  ; 0 F/in                  ; short         ; -                   ; open           ; open             ; open   ; 0 in             ; 0 H/in                 ; 0 F/in                 ; short        ; open          ; open            ; open  ; 0 V                 ; -                  ; n/a           ; n/a             ; n/a         ;
; GPIO1[5]       ; 2.5 V        ; 0 in              ; 0 H/in                  ; 0 F/in                  ; short         ; -                   ; open           ; open             ; open   ; 0 in             ; 0 H/in                 ; 0 F/in                 ; short        ; open          ; open            ; open  ; 0 V                 ; -                  ; n/a           ; n/a             ; n/a         ;
; GPIO1[6]       ; 2.5 V        ; 0 in              ; 0 H/in                  ; 0 F/in                  ; short         ; -                   ; open           ; open             ; open   ; 0 in             ; 0 H/in                 ; 0 F/in                 ; short        ; open          ; open            ; open  ; 0 V                 ; -                  ; n/a           ; n/a             ; n/a         ;
; GPIO1[7]       ; 2.5 V        ; 0 in              ; 0 H/in                  ; 0 F/in                  ; short         ; -                   ; open           ; open             ; open   ; 0 in             ; 0 H/in                 ; 0 F/in                 ; short        ; open          ; open            ; open  ; 0 V                 ; -                  ; n/a           ; n/a             ; n/a         ;
; GPIO1[8]       ; 2.5 V        ; 0 in              ; 0 H/in                  ; 0 F/in                  ; short         ; -                   ; open           ; open             ; open   ; 0 in             ; 0 H/in                 ; 0 F/in                 ; short        ; open          ; open            ; open  ; 0 V                 ; -                  ; n/a           ; n/a             ; n/a         ;
; GPIO1[9]       ; 2.5 V        ; 0 in              ; 0 H/in                  ; 0 F/in                  ; short         ; -                   ; open           ; open             ; open   ; 0 in             ; 0 H/in                 ; 0 F/in                 ; short        ; open          ; open            ; open  ; 0 V                 ; -                  ; n/a           ; n/a             ; n/a         ;
; GPIO1[10]      ; 2.5 V        ; 0 in              ; 0 H/in                  ; 0 F/in                  ; short         ; -                   ; open           ; open             ; open   ; 0 in             ; 0 H/in                 ; 0 F/in                 ; short        ; open          ; open            ; open  ; 0 V                 ; -                  ; n/a           ; n/a             ; n/a         ;
; GPIO1[11]      ; 2.5 V        ; 0 in              ; 0 H/in                  ; 0 F/in                  ; short         ; -                   ; open           ; open             ; open   ; 0 in             ; 0 H/in                 ; 0 F/in                 ; short        ; open          ; open            ; open  ; 0 V                 ; -                  ; n/a           ; n/a             ; n/a         ;
; GPIO1[12]      ; 2.5 V        ; 0 in              ; 0 H/in                  ; 0 F/in                  ; short         ; -                   ; open           ; open             ; open   ; 0 in             ; 0 H/in                 ; 0 F/in                 ; short        ; open          ; open            ; open  ; 0 V                 ; -                  ; n/a           ; n/a             ; n/a         ;
; GPIO1[13]      ; 2.5 V        ; 0 in              ; 0 H/in                  ; 0 F/in                  ; short         ; -                   ; open           ; open             ; open   ; 0 in             ; 0 H/in                 ; 0 F/in                 ; short        ; open          ; open            ; open  ; 0 V                 ; -                  ; n/a           ; n/a             ; n/a         ;
; GPIO1[14]      ; 2.5 V        ; 0 in              ; 0 H/in                  ; 0 F/in                  ; short         ; -                   ; open           ; open             ; open   ; 0 in             ; 0 H/in                 ; 0 F/in                 ; short        ; open          ; open            ; open  ; 0 V                 ; -                  ; n/a           ; n/a             ; n/a         ;
; GPIO1[15]      ; 2.5 V        ; 0 in              ; 0 H/in                  ; 0 F/in                  ; short         ; -                   ; open           ; open             ; open   ; 0 in             ; 0 H/in                 ; 0 F/in                 ; short        ; open          ; open            ; open  ; 0 V                 ; -                  ; n/a           ; n/a             ; n/a         ;
; GPIO1[16]      ; 2.5 V        ; 0 in              ; 0 H/in                  ; 0 F/in                  ; short         ; -                   ; open           ; open             ; open   ; 0 in             ; 0 H/in                 ; 0 F/in                 ; short        ; open          ; open            ; open  ; 0 V                 ; -                  ; n/a           ; n/a             ; n/a         ;
; GPIO1[17]      ; 2.5 V        ; 0 in              ; 0 H/in                  ; 0 F/in                  ; short         ; -                   ; open           ; open             ; open   ; 0 in             ; 0 H/in                 ; 0 F/in                 ; short        ; open          ; open            ; open  ; 0 V                 ; -                  ; n/a           ; n/a             ; n/a         ;
; GPIO1[18]      ; 2.5 V        ; 0 in              ; 0 H/in                  ; 0 F/in                  ; short         ; -                   ; open           ; open             ; open   ; 0 in             ; 0 H/in                 ; 0 F/in                 ; short        ; open          ; open            ; open  ; 0 V                 ; -                  ; n/a           ; n/a             ; n/a         ;
; GPIO1[19]      ; 2.5 V        ; 0 in              ; 0 H/in                  ; 0 F/in                  ; short         ; -                   ; open           ; open             ; open   ; 0 in             ; 0 H/in                 ; 0 F/in                 ; short        ; open          ; open            ; open  ; 0 V                 ; -                  ; n/a           ; n/a             ; n/a         ;
; GPIO1[20]      ; 2.5 V        ; 0 in              ; 0 H/in                  ; 0 F/in                  ; short         ; -                   ; open           ; open             ; open   ; 0 in             ; 0 H/in                 ; 0 F/in                 ; short        ; open          ; open            ; open  ; 0 V                 ; -                  ; n/a           ; n/a             ; n/a         ;
; GPIO1[21]      ; 2.5 V        ; 0 in              ; 0 H/in                  ; 0 F/in                  ; short         ; -                   ; open           ; open             ; open   ; 0 in             ; 0 H/in                 ; 0 F/in                 ; short        ; open          ; open            ; open  ; 0 V                 ; -                  ; n/a           ; n/a             ; n/a         ;
; GPIO1[22]      ; 2.5 V        ; 0 in              ; 0 H/in                  ; 0 F/in                  ; short         ; -                   ; open           ; open             ; open   ; 0 in             ; 0 H/in                 ; 0 F/in                 ; short        ; open          ; open            ; open  ; 0 V                 ; -                  ; n/a           ; n/a             ; n/a         ;
; GPIO1[23]      ; 2.5 V        ; 0 in              ; 0 H/in                  ; 0 F/in                  ; short         ; -                   ; open           ; open             ; open   ; 0 in             ; 0 H/in                 ; 0 F/in                 ; short        ; open          ; open            ; open  ; 0 V                 ; -                  ; n/a           ; n/a             ; n/a         ;
; GPIO1[24]      ; 2.5 V        ; 0 in              ; 0 H/in                  ; 0 F/in                  ; short         ; -                   ; open           ; open             ; open   ; 0 in             ; 0 H/in                 ; 0 F/in                 ; short        ; open          ; open            ; open  ; 0 V                 ; -                  ; n/a           ; n/a             ; n/a         ;
; GPIO1[25]      ; 2.5 V        ; 0 in              ; 0 H/in                  ; 0 F/in                  ; short         ; -                   ; open           ; open             ; open   ; 0 in             ; 0 H/in                 ; 0 F/in                 ; short        ; open          ; open            ; open  ; 0 V                 ; -                  ; n/a           ; n/a             ; n/a         ;
; GPIO1[26]      ; 2.5 V        ; 0 in              ; 0 H/in                  ; 0 F/in                  ; short         ; -                   ; open           ; open             ; open   ; 0 in             ; 0 H/in                 ; 0 F/in                 ; short        ; open          ; open            ; open  ; 0 V                 ; -                  ; n/a           ; n/a             ; n/a         ;
; GPIO1[27]      ; 2.5 V        ; 0 in              ; 0 H/in                  ; 0 F/in                  ; short         ; -                   ; open           ; open             ; open   ; 0 in             ; 0 H/in                 ; 0 F/in                 ; short        ; open          ; open            ; open  ; 0 V                 ; -                  ; n/a           ; n/a             ; n/a         ;
; GPIO1[28]      ; 2.5 V        ; 0 in              ; 0 H/in                  ; 0 F/in                  ; short         ; -                   ; open           ; open             ; open   ; 0 in             ; 0 H/in                 ; 0 F/in                 ; short        ; open          ; open            ; open  ; 0 V                 ; -                  ; n/a           ; n/a             ; n/a         ;
; GPIO1[29]      ; 2.5 V        ; 0 in              ; 0 H/in                  ; 0 F/in                  ; short         ; -                   ; open           ; open             ; open   ; 0 in             ; 0 H/in                 ; 0 F/in                 ; short        ; open          ; open            ; open  ; 0 V                 ; -                  ; n/a           ; n/a             ; n/a         ;
; GPIO1[30]      ; 2.5 V        ; 0 in              ; 0 H/in                  ; 0 F/in                  ; short         ; -                   ; open           ; open             ; open   ; 0 in             ; 0 H/in                 ; 0 F/in                 ; short        ; open          ; open            ; open  ; 0 V                 ; -                  ; n/a           ; n/a             ; n/a         ;
; GPIO1[31]      ; 2.5 V        ; 0 in              ; 0 H/in                  ; 0 F/in                  ; short         ; -                   ; open           ; open             ; open   ; 0 in             ; 0 H/in                 ; 0 F/in                 ; short        ; open          ; open            ; open  ; 0 V                 ; -                  ; n/a           ; n/a             ; n/a         ;
; GPIO2[0]       ; 2.5 V        ; 0 in              ; 0 H/in                  ; 0 F/in                  ; short         ; -                   ; open           ; open             ; open   ; 0 in             ; 0 H/in                 ; 0 F/in                 ; short        ; open          ; open            ; open  ; 0 V                 ; -                  ; n/a           ; n/a             ; n/a         ;
; GPIO2[1]       ; 2.5 V        ; 0 in              ; 0 H/in                  ; 0 F/in                  ; short         ; -                   ; open           ; open             ; open   ; 0 in             ; 0 H/in                 ; 0 F/in                 ; short        ; open          ; open            ; open  ; 0 V                 ; -                  ; n/a           ; n/a             ; n/a         ;
; GPIO2[2]       ; 2.5 V        ; 0 in              ; 0 H/in                  ; 0 F/in                  ; short         ; -                   ; open           ; open             ; open   ; 0 in             ; 0 H/in                 ; 0 F/in                 ; short        ; open          ; open            ; open  ; 0 V                 ; -                  ; n/a           ; n/a             ; n/a         ;
; GPIO2[3]       ; 2.5 V        ; 0 in              ; 0 H/in                  ; 0 F/in                  ; short         ; -                   ; open           ; open             ; open   ; 0 in             ; 0 H/in                 ; 0 F/in                 ; short        ; open          ; open            ; open  ; 0 V                 ; -                  ; n/a           ; n/a             ; n/a         ;
; GPIO2[4]       ; 2.5 V        ; 0 in              ; 0 H/in                  ; 0 F/in                  ; short         ; -                   ; open           ; open             ; open   ; 0 in             ; 0 H/in                 ; 0 F/in                 ; short        ; open          ; open            ; open  ; 0 V                 ; -                  ; n/a           ; n/a             ; n/a         ;
; GPIO2[5]       ; 2.5 V        ; 0 in              ; 0 H/in                  ; 0 F/in                  ; short         ; -                   ; open           ; open             ; open   ; 0 in             ; 0 H/in                 ; 0 F/in                 ; short        ; open          ; open            ; open  ; 0 V                 ; -                  ; n/a           ; n/a             ; n/a         ;
; GPIO2[6]       ; 2.5 V        ; 0 in              ; 0 H/in                  ; 0 F/in                  ; short         ; -                   ; open           ; open             ; open   ; 0 in             ; 0 H/in                 ; 0 F/in                 ; short        ; open          ; open            ; open  ; 0 V                 ; -                  ; n/a           ; n/a             ; n/a         ;
; GPIO2[7]       ; 2.5 V        ; 0 in              ; 0 H/in                  ; 0 F/in                  ; short         ; -                   ; open           ; open             ; open   ; 0 in             ; 0 H/in                 ; 0 F/in                 ; short        ; open          ; open            ; open  ; 0 V                 ; -                  ; n/a           ; n/a             ; n/a         ;
; GPIO2[8]       ; 2.5 V        ; 0 in              ; 0 H/in                  ; 0 F/in                  ; short         ; -                   ; open           ; open             ; open   ; 0 in             ; 0 H/in                 ; 0 F/in                 ; short        ; open          ; open            ; open  ; 0 V                 ; -                  ; n/a           ; n/a             ; n/a         ;
; GPIO2[9]       ; 2.5 V        ; 0 in              ; 0 H/in                  ; 0 F/in                  ; short         ; -                   ; open           ; open             ; open   ; 0 in             ; 0 H/in                 ; 0 F/in                 ; short        ; open          ; open            ; open  ; 0 V                 ; -                  ; n/a           ; n/a             ; n/a         ;
; GPIO2[10]      ; 2.5 V        ; 0 in              ; 0 H/in                  ; 0 F/in                  ; short         ; -                   ; open           ; open             ; open   ; 0 in             ; 0 H/in                 ; 0 F/in                 ; short        ; open          ; open            ; open  ; 0 V                 ; -                  ; n/a           ; n/a             ; n/a         ;
; GPIO2[11]      ; 2.5 V        ; 0 in              ; 0 H/in                  ; 0 F/in                  ; short         ; -                   ; open           ; open             ; open   ; 0 in             ; 0 H/in                 ; 0 F/in                 ; short        ; open          ; open            ; open  ; 0 V                 ; -                  ; n/a           ; n/a             ; n/a         ;
; GPIO2[12]      ; 2.5 V        ; 0 in              ; 0 H/in                  ; 0 F/in                  ; short         ; -                   ; open           ; open             ; open   ; 0 in             ; 0 H/in                 ; 0 F/in                 ; short        ; open          ; open            ; open  ; 0 V                 ; -                  ; n/a           ; n/a             ; n/a         ;
; GPIO2[13]      ; 2.5 V        ; 0 in              ; 0 H/in                  ; 0 F/in                  ; short         ; -                   ; open           ; open             ; open   ; 0 in             ; 0 H/in                 ; 0 F/in                 ; short        ; open          ; open            ; open  ; 0 V                 ; -                  ; n/a           ; n/a             ; n/a         ;
; GPIO2[14]      ; 2.5 V        ; 0 in              ; 0 H/in                  ; 0 F/in                  ; short         ; -                   ; open           ; open             ; open   ; 0 in             ; 0 H/in                 ; 0 F/in                 ; short        ; open          ; open            ; open  ; 0 V                 ; -                  ; n/a           ; n/a             ; n/a         ;
; GPIO2[15]      ; 2.5 V        ; 0 in              ; 0 H/in                  ; 0 F/in                  ; short         ; -                   ; open           ; open             ; open   ; 0 in             ; 0 H/in                 ; 0 F/in                 ; short        ; open          ; open            ; open  ; 0 V                 ; -                  ; n/a           ; n/a             ; n/a         ;
; GPIO2[16]      ; 2.5 V        ; 0 in              ; 0 H/in                  ; 0 F/in                  ; short         ; -                   ; open           ; open             ; open   ; 0 in             ; 0 H/in                 ; 0 F/in                 ; short        ; open          ; open            ; open  ; 0 V                 ; -                  ; n/a           ; n/a             ; n/a         ;
; GPIO2[17]      ; 2.5 V        ; 0 in              ; 0 H/in                  ; 0 F/in                  ; short         ; -                   ; open           ; open             ; open   ; 0 in             ; 0 H/in                 ; 0 F/in                 ; short        ; open          ; open            ; open  ; 0 V                 ; -                  ; n/a           ; n/a             ; n/a         ;
; GPIO2[18]      ; 2.5 V        ; 0 in              ; 0 H/in                  ; 0 F/in                  ; short         ; -                   ; open           ; open             ; open   ; 0 in             ; 0 H/in                 ; 0 F/in                 ; short        ; open          ; open            ; open  ; 0 V                 ; -                  ; n/a           ; n/a             ; n/a         ;
; GPIO2[19]      ; 2.5 V        ; 0 in              ; 0 H/in                  ; 0 F/in                  ; short         ; -                   ; open           ; open             ; open   ; 0 in             ; 0 H/in                 ; 0 F/in                 ; short        ; open          ; open            ; open  ; 0 V                 ; -                  ; n/a           ; n/a             ; n/a         ;
; GPIO2[20]      ; 2.5 V        ; 0 in              ; 0 H/in                  ; 0 F/in                  ; short         ; -                   ; open           ; open             ; open   ; 0 in             ; 0 H/in                 ; 0 F/in                 ; short        ; open          ; open            ; open  ; 0 V                 ; -                  ; n/a           ; n/a             ; n/a         ;
; GPIO2[21]      ; 2.5 V        ; 0 in              ; 0 H/in                  ; 0 F/in                  ; short         ; -                   ; open           ; open             ; open   ; 0 in             ; 0 H/in                 ; 0 F/in                 ; short        ; open          ; open            ; open  ; 0 V                 ; -                  ; n/a           ; n/a             ; n/a         ;
; GPIO2[22]      ; 2.5 V        ; 0 in              ; 0 H/in                  ; 0 F/in                  ; short         ; -                   ; open           ; open             ; open   ; 0 in             ; 0 H/in                 ; 0 F/in                 ; short        ; open          ; open            ; open  ; 0 V                 ; -                  ; n/a           ; n/a             ; n/a         ;
; GPIO2[23]      ; 2.5 V        ; 0 in              ; 0 H/in                  ; 0 F/in                  ; short         ; -                   ; open           ; open             ; open   ; 0 in             ; 0 H/in                 ; 0 F/in                 ; short        ; open          ; open            ; open  ; 0 V                 ; -                  ; n/a           ; n/a             ; n/a         ;
; GPIO2[24]      ; 2.5 V        ; 0 in              ; 0 H/in                  ; 0 F/in                  ; short         ; -                   ; open           ; open             ; open   ; 0 in             ; 0 H/in                 ; 0 F/in                 ; short        ; open          ; open            ; open  ; 0 V                 ; -                  ; n/a           ; n/a             ; n/a         ;
; GPIO2[25]      ; 2.5 V        ; 0 in              ; 0 H/in                  ; 0 F/in                  ; short         ; -                   ; open           ; open             ; open   ; 0 in             ; 0 H/in                 ; 0 F/in                 ; short        ; open          ; open            ; open  ; 0 V                 ; -                  ; n/a           ; n/a             ; n/a         ;
; GPIO2[26]      ; 2.5 V        ; 0 in              ; 0 H/in                  ; 0 F/in                  ; short         ; -                   ; open           ; open             ; open   ; 0 in             ; 0 H/in                 ; 0 F/in                 ; short        ; open          ; open            ; open  ; 0 V                 ; -                  ; n/a           ; n/a             ; n/a         ;
; GPIO2[27]      ; 2.5 V        ; 0 in              ; 0 H/in                  ; 0 F/in                  ; short         ; -                   ; open           ; open             ; open   ; 0 in             ; 0 H/in                 ; 0 F/in                 ; short        ; open          ; open            ; open  ; 0 V                 ; -                  ; n/a           ; n/a             ; n/a         ;
; GPIO2[28]      ; 2.5 V        ; 0 in              ; 0 H/in                  ; 0 F/in                  ; short         ; -                   ; open           ; open             ; open   ; 0 in             ; 0 H/in                 ; 0 F/in                 ; short        ; open          ; open            ; open  ; 0 V                 ; -                  ; n/a           ; n/a             ; n/a         ;
; GPIO2[29]      ; 2.5 V        ; 0 in              ; 0 H/in                  ; 0 F/in                  ; short         ; -                   ; open           ; open             ; open   ; 0 in             ; 0 H/in                 ; 0 F/in                 ; short        ; open          ; open            ; open  ; 0 V                 ; -                  ; n/a           ; n/a             ; n/a         ;
; GPIO2[30]      ; 2.5 V        ; 0 in              ; 0 H/in                  ; 0 F/in                  ; short         ; -                   ; open           ; open             ; open   ; 0 in             ; 0 H/in                 ; 0 F/in                 ; short        ; open          ; open            ; open  ; 0 V                 ; -                  ; n/a           ; n/a             ; n/a         ;
; GPIO2[31]      ; 2.5 V        ; 0 in              ; 0 H/in                  ; 0 F/in                  ; short         ; -                   ; open           ; open             ; open   ; 0 in             ; 0 H/in                 ; 0 F/in                 ; short        ; open          ; open            ; open  ; 0 V                 ; -                  ; n/a           ; n/a             ; n/a         ;
; I2C0_SCL       ; 2.5 V        ; 0 in              ; 0 H/in                  ; 0 F/in                  ; short         ; -                   ; open           ; open             ; open   ; 0 in             ; 0 H/in                 ; 0 F/in                 ; short        ; open          ; open            ; open  ; 0 V                 ; -                  ; n/a           ; n/a             ; n/a         ;
; I2C0_SDA       ; 2.5 V        ; 0 in              ; 0 H/in                  ; 0 F/in                  ; short         ; -                   ; open           ; open             ; open   ; 0 in             ; 0 H/in                 ; 0 F/in                 ; short        ; open          ; open            ; open  ; 0 V                 ; -                  ; n/a           ; n/a             ; n/a         ;
; I2C1_SCL       ; 2.5 V        ; 0 in              ; 0 H/in                  ; 0 F/in                  ; short         ; -                   ; open           ; open             ; open   ; 0 in             ; 0 H/in                 ; 0 F/in                 ; short        ; open          ; open            ; open  ; 0 V                 ; -                  ; n/a           ; n/a             ; n/a         ;
; I2C1_SDA       ; 2.5 V        ; 0 in              ; 0 H/in                  ; 0 F/in                  ; short         ; -                   ; open           ; open             ; open   ; 0 in             ; 0 H/in                 ; 0 F/in                 ; short        ; open          ; open            ; open  ; 0 V                 ; -                  ; n/a           ; n/a             ; n/a         ;
; SDRAM_DQ[0]    ; 2.5 V        ; 0 in              ; 0 H/in                  ; 0 F/in                  ; short         ; -                   ; open           ; open             ; open   ; 0 in             ; 0 H/in                 ; 0 F/in                 ; short        ; open          ; open            ; open  ; 0 V                 ; -                  ; n/a           ; n/a             ; n/a         ;
; SDRAM_DQ[1]    ; 2.5 V        ; 0 in              ; 0 H/in                  ; 0 F/in                  ; short         ; -                   ; open           ; open             ; open   ; 0 in             ; 0 H/in                 ; 0 F/in                 ; short        ; open          ; open            ; open  ; 0 V                 ; -                  ; n/a           ; n/a             ; n/a         ;
; SDRAM_DQ[2]    ; 2.5 V        ; 0 in              ; 0 H/in                  ; 0 F/in                  ; short         ; -                   ; open           ; open             ; open   ; 0 in             ; 0 H/in                 ; 0 F/in                 ; short        ; open          ; open            ; open  ; 0 V                 ; -                  ; n/a           ; n/a             ; n/a         ;
; SDRAM_DQ[3]    ; 2.5 V        ; 0 in              ; 0 H/in                  ; 0 F/in                  ; short         ; -                   ; open           ; open             ; open   ; 0 in             ; 0 H/in                 ; 0 F/in                 ; short        ; open          ; open            ; open  ; 0 V                 ; -                  ; n/a           ; n/a             ; n/a         ;
; SDRAM_DQ[4]    ; 2.5 V        ; 0 in              ; 0 H/in                  ; 0 F/in                  ; short         ; -                   ; open           ; open             ; open   ; 0 in             ; 0 H/in                 ; 0 F/in                 ; short        ; open          ; open            ; open  ; 0 V                 ; -                  ; n/a           ; n/a             ; n/a         ;
; SDRAM_DQ[5]    ; 2.5 V        ; 0 in              ; 0 H/in                  ; 0 F/in                  ; short         ; -                   ; open           ; open             ; open   ; 0 in             ; 0 H/in                 ; 0 F/in                 ; short        ; open          ; open            ; open  ; 0 V                 ; -                  ; n/a           ; n/a             ; n/a         ;
; SDRAM_DQ[6]    ; 2.5 V        ; 0 in              ; 0 H/in                  ; 0 F/in                  ; short         ; -                   ; open           ; open             ; open   ; 0 in             ; 0 H/in                 ; 0 F/in                 ; short        ; open          ; open            ; open  ; 0 V                 ; -                  ; n/a           ; n/a             ; n/a         ;
; SDRAM_DQ[7]    ; 2.5 V        ; 0 in              ; 0 H/in                  ; 0 F/in                  ; short         ; -                   ; open           ; open             ; open   ; 0 in             ; 0 H/in                 ; 0 F/in                 ; short        ; open          ; open            ; open  ; 0 V                 ; -                  ; n/a           ; n/a             ; n/a         ;
; SDRAM_DQ[8]    ; 2.5 V        ; 0 in              ; 0 H/in                  ; 0 F/in                  ; short         ; -                   ; open           ; open             ; open   ; 0 in             ; 0 H/in                 ; 0 F/in                 ; short        ; open          ; open            ; open  ; 0 V                 ; -                  ; n/a           ; n/a             ; n/a         ;
; SDRAM_DQ[9]    ; 2.5 V        ; 0 in              ; 0 H/in                  ; 0 F/in                  ; short         ; -                   ; open           ; open             ; open   ; 0 in             ; 0 H/in                 ; 0 F/in                 ; short        ; open          ; open            ; open  ; 0 V                 ; -                  ; n/a           ; n/a             ; n/a         ;
; SDRAM_DQ[10]   ; 2.5 V        ; 0 in              ; 0 H/in                  ; 0 F/in                  ; short         ; -                   ; open           ; open             ; open   ; 0 in             ; 0 H/in                 ; 0 F/in                 ; short        ; open          ; open            ; open  ; 0 V                 ; -                  ; n/a           ; n/a             ; n/a         ;
; SDRAM_DQ[11]   ; 2.5 V        ; 0 in              ; 0 H/in                  ; 0 F/in                  ; short         ; -                   ; open           ; open             ; open   ; 0 in             ; 0 H/in                 ; 0 F/in                 ; short        ; open          ; open            ; open  ; 0 V                 ; -                  ; n/a           ; n/a             ; n/a         ;
; SDRAM_DQ[12]   ; 2.5 V        ; 0 in              ; 0 H/in                  ; 0 F/in                  ; short         ; -                   ; open           ; open             ; open   ; 0 in             ; 0 H/in                 ; 0 F/in                 ; short        ; open          ; open            ; open  ; 0 V                 ; -                  ; n/a           ; n/a             ; n/a         ;
; SDRAM_DQ[13]   ; 2.5 V        ; 0 in              ; 0 H/in                  ; 0 F/in                  ; short         ; -                   ; open           ; open             ; open   ; 0 in             ; 0 H/in                 ; 0 F/in                 ; short        ; open          ; open            ; open  ; 0 V                 ; -                  ; n/a           ; n/a             ; n/a         ;
; SDRAM_DQ[14]   ; 2.5 V        ; 0 in              ; 0 H/in                  ; 0 F/in                  ; short         ; -                   ; open           ; open             ; open   ; 0 in             ; 0 H/in                 ; 0 F/in                 ; short        ; open          ; open            ; open  ; 0 V                 ; -                  ; n/a           ; n/a             ; n/a         ;
; SDRAM_DQ[15]   ; 2.5 V        ; 0 in              ; 0 H/in                  ; 0 F/in                  ; short         ; -                   ; open           ; open             ; open   ; 0 in             ; 0 H/in                 ; 0 F/in                 ; short        ; open          ; open            ; open  ; 0 V                 ; -                  ; n/a           ; n/a             ; n/a         ;
; ~ALTERA_TDO~   ; 2.5 V        ; 0 in              ; 0 H/in                  ; 0 F/in                  ; short         ; -                   ; open           ; open             ; open   ; 0 in             ; 0 H/in                 ; 0 F/in                 ; short        ; open          ; open            ; open  ; 0 V                 ; -                  ; n/a           ; n/a             ; n/a         ;
+----------------+--------------+-------------------+-------------------------+-------------------------+---------------+---------------------+----------------+------------------+--------+------------------+------------------------+------------------------+--------------+---------------+-----------------+-------+---------------------+--------------------+---------------+-----------------+-------------+


+---------------------------------------------------------------------------------+
; Input Transition Times                                                          ;
+---------------------+-----------------------+-----------------+-----------------+
; Pin                 ; I/O Standard          ; 10-90 Rise Time ; 90-10 Fall Time ;
+---------------------+-----------------------+-----------------+-----------------+
; TMSC_pri            ; 2.5 V                 ; 2000 ps         ; 2000 ps         ;
; TMSC_rep            ; 2.5 V                 ; 2000 ps         ; 2000 ps         ;
; GPIO0[0]            ; 2.5 V                 ; 2000 ps         ; 2000 ps         ;
; GPIO0[1]            ; 2.5 V                 ; 2000 ps         ; 2000 ps         ;
; GPIO0[2]            ; 2.5 V                 ; 2000 ps         ; 2000 ps         ;
; GPIO0[3]            ; 2.5 V                 ; 2000 ps         ; 2000 ps         ;
; GPIO0[4]            ; 2.5 V                 ; 2000 ps         ; 2000 ps         ;
; GPIO0[5]            ; 2.5 V                 ; 2000 ps         ; 2000 ps         ;
; GPIO0[6]            ; 2.5 V                 ; 2000 ps         ; 2000 ps         ;
; GPIO0[7]            ; 2.5 V                 ; 2000 ps         ; 2000 ps         ;
; GPIO0[8]            ; 2.5 V                 ; 2000 ps         ; 2000 ps         ;
; GPIO0[9]            ; 2.5 V                 ; 2000 ps         ; 2000 ps         ;
; GPIO0[10]           ; 2.5 V                 ; 2000 ps         ; 2000 ps         ;
; GPIO0[11]           ; 2.5 V                 ; 2000 ps         ; 2000 ps         ;
; GPIO0[12]           ; 2.5 V                 ; 2000 ps         ; 2000 ps         ;
; GPIO0[13]           ; 2.5 V                 ; 2000 ps         ; 2000 ps         ;
; GPIO0[14]           ; 2.5 V                 ; 2000 ps         ; 2000 ps         ;
; GPIO0[15]           ; 2.5 V                 ; 2000 ps         ; 2000 ps         ;
; GPIO0[16]           ; 2.5 V                 ; 2000 ps         ; 2000 ps         ;
; GPIO0[17]           ; 2.5 V                 ; 2000 ps         ; 2000 ps         ;
; GPIO0[18]           ; 2.5 V                 ; 2000 ps         ; 2000 ps         ;
; GPIO0[19]           ; 2.5 V                 ; 2000 ps         ; 2000 ps         ;
; GPIO0[20]           ; 2.5 V                 ; 2000 ps         ; 2000 ps         ;
; GPIO0[21]           ; 2.5 V                 ; 2000 ps         ; 2000 ps         ;
; GPIO0[22]           ; 2.5 V                 ; 2000 ps         ; 2000 ps         ;
; GPIO0[23]           ; 2.5 V                 ; 2000 ps         ; 2000 ps         ;
; GPIO0[24]           ; 2.5 V                 ; 2000 ps         ; 2000 ps         ;
; GPIO0[25]           ; 2.5 V                 ; 2000 ps         ; 2000 ps         ;
; GPIO0[26]           ; 2.5 V                 ; 2000 ps         ; 2000 ps         ;
; GPIO0[27]           ; 2.5 V                 ; 2000 ps         ; 2000 ps         ;
; GPIO0[28]           ; 2.5 V                 ; 2000 ps         ; 2000 ps         ;
; GPIO0[29]           ; 2.5 V                 ; 2000 ps         ; 2000 ps         ;
; GPIO0[30]           ; 2.5 V                 ; 2000 ps         ; 2000 ps         ;
; GPIO0[31]           ; 2.5 V                 ; 2000 ps         ; 2000 ps         ;
; GPIO1[0]            ; 2.5 V                 ; 2000 ps         ; 2000 ps         ;
; GPIO1[1]            ; 2.5 V                 ; 2000 ps         ; 2000 ps         ;
; GPIO1[2]            ; 2.5 V                 ; 2000 ps         ; 2000 ps         ;
; GPIO1[3]            ; 2.5 V                 ; 2000 ps         ; 2000 ps         ;
; GPIO1[4]            ; 2.5 V                 ; 2000 ps         ; 2000 ps         ;
; GPIO1[5]            ; 2.5 V                 ; 2000 ps         ; 2000 ps         ;
; GPIO1[6]            ; 2.5 V                 ; 2000 ps         ; 2000 ps         ;
; GPIO1[7]            ; 2.5 V                 ; 2000 ps         ; 2000 ps         ;
; GPIO1[8]            ; 2.5 V                 ; 2000 ps         ; 2000 ps         ;
; GPIO1[9]            ; 2.5 V                 ; 2000 ps         ; 2000 ps         ;
; GPIO1[10]           ; 2.5 V                 ; 2000 ps         ; 2000 ps         ;
; GPIO1[11]           ; 2.5 V                 ; 2000 ps         ; 2000 ps         ;
; GPIO1[12]           ; 2.5 V                 ; 2000 ps         ; 2000 ps         ;
; GPIO1[13]           ; 2.5 V                 ; 2000 ps         ; 2000 ps         ;
; GPIO1[14]           ; 2.5 V                 ; 2000 ps         ; 2000 ps         ;
; GPIO1[15]           ; 2.5 V                 ; 2000 ps         ; 2000 ps         ;
; GPIO1[16]           ; 2.5 V                 ; 2000 ps         ; 2000 ps         ;
; GPIO1[17]           ; 2.5 V                 ; 2000 ps         ; 2000 ps         ;
; GPIO1[18]           ; 2.5 V                 ; 2000 ps         ; 2000 ps         ;
; GPIO1[19]           ; 2.5 V                 ; 2000 ps         ; 2000 ps         ;
; GPIO1[20]           ; 2.5 V                 ; 2000 ps         ; 2000 ps         ;
; GPIO1[21]           ; 2.5 V                 ; 2000 ps         ; 2000 ps         ;
; GPIO1[22]           ; 2.5 V                 ; 2000 ps         ; 2000 ps         ;
; GPIO1[23]           ; 2.5 V                 ; 2000 ps         ; 2000 ps         ;
; GPIO1[24]           ; 2.5 V                 ; 2000 ps         ; 2000 ps         ;
; GPIO1[25]           ; 2.5 V                 ; 2000 ps         ; 2000 ps         ;
; GPIO1[26]           ; 2.5 V                 ; 2000 ps         ; 2000 ps         ;
; GPIO1[27]           ; 2.5 V                 ; 2000 ps         ; 2000 ps         ;
; GPIO1[28]           ; 2.5 V                 ; 2000 ps         ; 2000 ps         ;
; GPIO1[29]           ; 2.5 V                 ; 2000 ps         ; 2000 ps         ;
; GPIO1[30]           ; 2.5 V                 ; 2000 ps         ; 2000 ps         ;
; GPIO1[31]           ; 2.5 V                 ; 2000 ps         ; 2000 ps         ;
; GPIO2[0]            ; 2.5 V                 ; 2000 ps         ; 2000 ps         ;
; GPIO2[1]            ; 2.5 V                 ; 2000 ps         ; 2000 ps         ;
; GPIO2[2]            ; 2.5 V                 ; 2000 ps         ; 2000 ps         ;
; GPIO2[3]            ; 2.5 V                 ; 2000 ps         ; 2000 ps         ;
; GPIO2[4]            ; 2.5 V                 ; 2000 ps         ; 2000 ps         ;
; GPIO2[5]            ; 2.5 V                 ; 2000 ps         ; 2000 ps         ;
; GPIO2[6]            ; 2.5 V                 ; 2000 ps         ; 2000 ps         ;
; GPIO2[7]            ; 2.5 V                 ; 2000 ps         ; 2000 ps         ;
; GPIO2[8]            ; 2.5 V                 ; 2000 ps         ; 2000 ps         ;
; GPIO2[9]            ; 2.5 V                 ; 2000 ps         ; 2000 ps         ;
; GPIO2[10]           ; 2.5 V                 ; 2000 ps         ; 2000 ps         ;
; GPIO2[11]           ; 2.5 V                 ; 2000 ps         ; 2000 ps         ;
; GPIO2[12]           ; 2.5 V                 ; 2000 ps         ; 2000 ps         ;
; GPIO2[13]           ; 2.5 V                 ; 2000 ps         ; 2000 ps         ;
; GPIO2[14]           ; 2.5 V                 ; 2000 ps         ; 2000 ps         ;
; GPIO2[15]           ; 2.5 V                 ; 2000 ps         ; 2000 ps         ;
; GPIO2[16]           ; 2.5 V                 ; 2000 ps         ; 2000 ps         ;
; GPIO2[17]           ; 2.5 V                 ; 2000 ps         ; 2000 ps         ;
; GPIO2[18]           ; 2.5 V                 ; 2000 ps         ; 2000 ps         ;
; GPIO2[19]           ; 2.5 V                 ; 2000 ps         ; 2000 ps         ;
; GPIO2[20]           ; 2.5 V                 ; 2000 ps         ; 2000 ps         ;
; GPIO2[21]           ; 2.5 V                 ; 2000 ps         ; 2000 ps         ;
; GPIO2[22]           ; 2.5 V                 ; 2000 ps         ; 2000 ps         ;
; GPIO2[23]           ; 2.5 V                 ; 2000 ps         ; 2000 ps         ;
; GPIO2[24]           ; 2.5 V                 ; 2000 ps         ; 2000 ps         ;
; GPIO2[25]           ; 2.5 V                 ; 2000 ps         ; 2000 ps         ;
; GPIO2[26]           ; 2.5 V                 ; 2000 ps         ; 2000 ps         ;
; GPIO2[27]           ; 2.5 V                 ; 2000 ps         ; 2000 ps         ;
; GPIO2[28]           ; 2.5 V                 ; 2000 ps         ; 2000 ps         ;
; GPIO2[29]           ; 2.5 V                 ; 2000 ps         ; 2000 ps         ;
; GPIO2[30]           ; 2.5 V                 ; 2000 ps         ; 2000 ps         ;
; GPIO2[31]           ; 2.5 V                 ; 2000 ps         ; 2000 ps         ;
; I2C0_SCL            ; 2.5 V                 ; 2000 ps         ; 2000 ps         ;
; I2C0_SDA            ; 2.5 V                 ; 2000 ps         ; 2000 ps         ;
; I2C1_SCL            ; 2.5 V                 ; 2000 ps         ; 2000 ps         ;
; I2C1_SDA            ; 2.5 V                 ; 2000 ps         ; 2000 ps         ;
; SDRAM_DQ[0]         ; 2.5 V                 ; 2000 ps         ; 2000 ps         ;
; SDRAM_DQ[1]         ; 2.5 V                 ; 2000 ps         ; 2000 ps         ;
; SDRAM_DQ[2]         ; 2.5 V                 ; 2000 ps         ; 2000 ps         ;
; SDRAM_DQ[3]         ; 2.5 V                 ; 2000 ps         ; 2000 ps         ;
; SDRAM_DQ[4]         ; 2.5 V                 ; 2000 ps         ; 2000 ps         ;
; SDRAM_DQ[5]         ; 2.5 V                 ; 2000 ps         ; 2000 ps         ;
; SDRAM_DQ[6]         ; 2.5 V                 ; 2000 ps         ; 2000 ps         ;
; SDRAM_DQ[7]         ; 2.5 V                 ; 2000 ps         ; 2000 ps         ;
; SDRAM_DQ[8]         ; 2.5 V                 ; 2000 ps         ; 2000 ps         ;
; SDRAM_DQ[9]         ; 2.5 V                 ; 2000 ps         ; 2000 ps         ;
; SDRAM_DQ[10]        ; 2.5 V                 ; 2000 ps         ; 2000 ps         ;
; SDRAM_DQ[11]        ; 2.5 V                 ; 2000 ps         ; 2000 ps         ;
; SDRAM_DQ[12]        ; 2.5 V                 ; 2000 ps         ; 2000 ps         ;
; SDRAM_DQ[13]        ; 2.5 V                 ; 2000 ps         ; 2000 ps         ;
; SDRAM_DQ[14]        ; 2.5 V                 ; 2000 ps         ; 2000 ps         ;
; SDRAM_DQ[15]        ; 2.5 V                 ; 2000 ps         ; 2000 ps         ;
; RES_N               ; 2.5 V                 ; 2000 ps         ; 2000 ps         ;
; TCK                 ; 2.5 V                 ; 2000 ps         ; 2000 ps         ;
; CLK50               ; 2.5 V                 ; 2000 ps         ; 2000 ps         ;
; TRSTn               ; 2.5 V                 ; 2000 ps         ; 2000 ps         ;
; TCKC_rep            ; 2.5 V                 ; 2000 ps         ; 2000 ps         ;
; TDI                 ; 2.5 V                 ; 2000 ps         ; 2000 ps         ;
; TMS                 ; 2.5 V                 ; 2000 ps         ; 2000 ps         ;
; I2C0_INT1           ; 2.5 V                 ; 2000 ps         ; 2000 ps         ;
; I2C0_INT2           ; 2.5 V                 ; 2000 ps         ; 2000 ps         ;
; SPI_MISO            ; 2.5 V                 ; 2000 ps         ; 2000 ps         ;
; RXD                 ; 2.5 V                 ; 2000 ps         ; 2000 ps         ;
; ~ALTERA_TMS~        ; 2.5 V Schmitt Trigger ; 2000 ps         ; 2000 ps         ;
; ~ALTERA_TCK~        ; 2.5 V Schmitt Trigger ; 2000 ps         ; 2000 ps         ;
; ~ALTERA_TDI~        ; 2.5 V Schmitt Trigger ; 2000 ps         ; 2000 ps         ;
; ~ALTERA_CONFIG_SEL~ ; 2.5 V                 ; 2000 ps         ; 2000 ps         ;
; ~ALTERA_nCONFIG~    ; 2.5 V Schmitt Trigger ; 2000 ps         ; 2000 ps         ;
; ~ALTERA_nSTATUS~    ; 2.5 V Schmitt Trigger ; 2000 ps         ; 2000 ps         ;
; ~ALTERA_CONF_DONE~  ; 2.5 V Schmitt Trigger ; 2000 ps         ; 2000 ps         ;
+---------------------+-----------------------+-----------------+-----------------+


+---------------------------------------------------------------------------------------------------------------------------------------------------------------------------------------------------------------------------------------------------------------------------------------------------------------------------------------------------------------------------------------------------------------------------------------------------------------------------------------------------------------------------------------------------------------------------------------------------------------------------------------------------------------------------------------------+
; Signal Integrity Metrics (Slow 1200mv 0c Model)                                                                                                                                                                                                                                                                                                                                                                                                                                                                                                                                                                                                                                             ;
+----------------+--------------+---------------------+---------------------+------------------------------+------------------------------+---------------------+---------------------+--------------------------------------+--------------------------------------+-----------------------------+-----------------------------+----------------------------+----------------------------+-----------------------------+-----------------------------+--------------------+--------------------+-------------------------------------+-------------------------------------+----------------------------+----------------------------+---------------------------+---------------------------+
; Pin            ; I/O Standard ; Board Delay on Rise ; Board Delay on Fall ; Steady State Voh at FPGA Pin ; Steady State Vol at FPGA Pin ; Voh Max at FPGA Pin ; Vol Min at FPGA Pin ; Ringback Voltage on Rise at FPGA Pin ; Ringback Voltage on Fall at FPGA Pin ; 10-90 Rise Time at FPGA Pin ; 90-10 Fall Time at FPGA Pin ; Monotonic Rise at FPGA Pin ; Monotonic Fall at FPGA Pin ; Steady State Voh at Far-end ; Steady State Vol at Far-end ; Voh Max at Far-end ; Vol Min at Far-end ; Ringback Voltage on Rise at Far-end ; Ringback Voltage on Fall at Far-end ; 10-90 Rise Time at Far-end ; 90-10 Fall Time at Far-end ; Monotonic Rise at Far-end ; Monotonic Fall at Far-end ;
+----------------+--------------+---------------------+---------------------+------------------------------+------------------------------+---------------------+---------------------+--------------------------------------+--------------------------------------+-----------------------------+-----------------------------+----------------------------+----------------------------+-----------------------------+-----------------------------+--------------------+--------------------+-------------------------------------+-------------------------------------+----------------------------+----------------------------+---------------------------+---------------------------+
; STBY_ACK_N     ; 2.5 V        ; 0 s                 ; 0 s                 ; 2.32 V                       ; 1.95e-08 V                   ; 2.38 V              ; -0.0059 V           ; 0.18 V                               ; 0.031 V                              ; 6.58e-10 s                  ; 8.63e-10 s                  ; No                         ; Yes                        ; 2.32 V                      ; 1.95e-08 V                  ; 2.38 V             ; -0.0059 V          ; 0.18 V                              ; 0.031 V                             ; 6.58e-10 s                 ; 8.63e-10 s                 ; No                        ; Yes                       ;
; RESOUT_N       ; 2.5 V        ; 0 s                 ; 0 s                 ; 2.32 V                       ; 1.95e-08 V                   ; 2.38 V              ; -0.0059 V           ; 0.18 V                               ; 0.031 V                              ; 6.58e-10 s                  ; 8.63e-10 s                  ; No                         ; Yes                        ; 2.32 V                      ; 1.95e-08 V                  ; 2.38 V             ; -0.0059 V          ; 0.18 V                              ; 0.031 V                             ; 6.58e-10 s                 ; 8.63e-10 s                 ; No                        ; Yes                       ;
; TDO            ; 2.5 V        ; 0 s                 ; 0 s                 ; 2.32 V                       ; 1.95e-08 V                   ; 2.38 V              ; -0.00581 V          ; 0.181 V                              ; 0.03 V                               ; 6.58e-10 s                  ; 8.65e-10 s                  ; No                         ; Yes                        ; 2.32 V                      ; 1.95e-08 V                  ; 2.38 V             ; -0.00581 V         ; 0.181 V                             ; 0.03 V                              ; 6.58e-10 s                 ; 8.65e-10 s                 ; No                        ; Yes                       ;
; TCKC_pri       ; 2.5 V        ; 0 s                 ; 0 s                 ; 2.32 V                       ; 1.95e-08 V                   ; 2.38 V              ; -0.0059 V           ; 0.18 V                               ; 0.031 V                              ; 6.58e-10 s                  ; 8.63e-10 s                  ; No                         ; Yes                        ; 2.32 V                      ; 1.95e-08 V                  ; 2.38 V             ; -0.0059 V          ; 0.18 V                              ; 0.031 V                             ; 6.58e-10 s                 ; 8.63e-10 s                 ; No                        ; Yes                       ;
; TMSC_PUP_rep   ; 2.5 V        ; 0 s                 ; 0 s                 ; 2.32 V                       ; 8.25e-09 V                   ; 2.41 V              ; -0.0871 V           ; 0.291 V                              ; 0.138 V                              ; 3.15e-10 s                  ; 4.16e-10 s                  ; No                         ; Yes                        ; 2.32 V                      ; 8.25e-09 V                  ; 2.41 V             ; -0.0871 V          ; 0.291 V                             ; 0.138 V                             ; 3.15e-10 s                 ; 4.16e-10 s                 ; No                        ; Yes                       ;
; TMSC_PDN_rep   ; 2.5 V        ; 0 s                 ; 0 s                 ; 2.32 V                       ; 8.25e-09 V                   ; 2.41 V              ; -0.0859 V           ; 0.289 V                              ; 0.136 V                              ; 3.15e-10 s                  ; 4.16e-10 s                  ; No                         ; Yes                        ; 2.32 V                      ; 8.25e-09 V                  ; 2.41 V             ; -0.0859 V          ; 0.289 V                             ; 0.136 V                             ; 3.15e-10 s                 ; 4.16e-10 s                 ; No                        ; Yes                       ;
; TXD            ; 2.5 V        ; 0 s                 ; 0 s                 ; 2.32 V                       ; 1.95e-08 V                   ; 2.37 V              ; -0.00683 V          ; 0.235 V                              ; 0.051 V                              ; 6.88e-10 s                  ; 9.9e-10 s                   ; No                         ; Yes                        ; 2.32 V                      ; 1.95e-08 V                  ; 2.37 V             ; -0.00683 V         ; 0.235 V                             ; 0.051 V                             ; 6.88e-10 s                 ; 9.9e-10 s                  ; No                        ; Yes                       ;
; I2C0_ENA       ; 2.5 V        ; 0 s                 ; 0 s                 ; 2.32 V                       ; 1.95e-08 V                   ; 2.38 V              ; -0.00581 V          ; 0.181 V                              ; 0.03 V                               ; 6.58e-10 s                  ; 8.65e-10 s                  ; No                         ; Yes                        ; 2.32 V                      ; 1.95e-08 V                  ; 2.38 V             ; -0.00581 V         ; 0.181 V                             ; 0.03 V                              ; 6.58e-10 s                 ; 8.65e-10 s                 ; No                        ; Yes                       ;
; I2C0_ADR       ; 2.5 V        ; 0 s                 ; 0 s                 ; 2.32 V                       ; 1.95e-08 V                   ; 2.37 V              ; -0.00683 V          ; 0.235 V                              ; 0.051 V                              ; 6.88e-10 s                  ; 9.9e-10 s                   ; No                         ; Yes                        ; 2.32 V                      ; 1.95e-08 V                  ; 2.37 V             ; -0.00683 V         ; 0.235 V                             ; 0.051 V                             ; 6.88e-10 s                 ; 9.9e-10 s                  ; No                        ; Yes                       ;
; SPI_CSN[0]     ; 2.5 V        ; 0 s                 ; 0 s                 ; 2.32 V                       ; 1.95e-08 V                   ; 2.38 V              ; -0.00581 V          ; 0.181 V                              ; 0.03 V                               ; 6.58e-10 s                  ; 8.65e-10 s                  ; No                         ; Yes                        ; 2.32 V                      ; 1.95e-08 V                  ; 2.38 V             ; -0.00581 V         ; 0.181 V                             ; 0.03 V                              ; 6.58e-10 s                 ; 8.65e-10 s                 ; No                        ; Yes                       ;
; SPI_CSN[1]     ; 2.5 V        ; 0 s                 ; 0 s                 ; 2.32 V                       ; 1.95e-08 V                   ; 2.38 V              ; -0.00618 V          ; 0.236 V                              ; 0.052 V                              ; 6.89e-10 s                  ; 9.91e-10 s                  ; No                         ; Yes                        ; 2.32 V                      ; 1.95e-08 V                  ; 2.38 V             ; -0.00618 V         ; 0.236 V                             ; 0.052 V                             ; 6.89e-10 s                 ; 9.91e-10 s                 ; No                        ; Yes                       ;
; SPI_CSN[2]     ; 2.5 V        ; 0 s                 ; 0 s                 ; 2.32 V                       ; 1.95e-08 V                   ; 2.38 V              ; -0.00581 V          ; 0.181 V                              ; 0.03 V                               ; 6.58e-10 s                  ; 8.65e-10 s                  ; No                         ; Yes                        ; 2.32 V                      ; 1.95e-08 V                  ; 2.38 V             ; -0.00581 V         ; 0.181 V                             ; 0.03 V                              ; 6.58e-10 s                 ; 8.65e-10 s                 ; No                        ; Yes                       ;
; SPI_CSN[3]     ; 2.5 V        ; 0 s                 ; 0 s                 ; 2.32 V                       ; 1.95e-08 V                   ; 2.38 V              ; -0.0059 V           ; 0.18 V                               ; 0.031 V                              ; 6.58e-10 s                  ; 8.63e-10 s                  ; No                         ; Yes                        ; 2.32 V                      ; 1.95e-08 V                  ; 2.38 V             ; -0.0059 V          ; 0.18 V                              ; 0.031 V                             ; 6.58e-10 s                 ; 8.63e-10 s                 ; No                        ; Yes                       ;
; SPI_SCK        ; 2.5 V        ; 0 s                 ; 0 s                 ; 2.32 V                       ; 1.95e-08 V                   ; 2.38 V              ; -0.0059 V           ; 0.18 V                               ; 0.031 V                              ; 6.58e-10 s                  ; 8.63e-10 s                  ; No                         ; Yes                        ; 2.32 V                      ; 1.95e-08 V                  ; 2.38 V             ; -0.0059 V          ; 0.18 V                              ; 0.031 V                             ; 6.58e-10 s                 ; 8.63e-10 s                 ; No                        ; Yes                       ;
; SPI_MOSI       ; 2.5 V        ; 0 s                 ; 0 s                 ; 2.32 V                       ; 1.95e-08 V                   ; 2.38 V              ; -0.00581 V          ; 0.181 V                              ; 0.03 V                               ; 6.58e-10 s                  ; 8.65e-10 s                  ; No                         ; Yes                        ; 2.32 V                      ; 1.95e-08 V                  ; 2.38 V             ; -0.00581 V         ; 0.181 V                             ; 0.03 V                              ; 6.58e-10 s                 ; 8.65e-10 s                 ; No                        ; Yes                       ;
; SDRAM_CLK      ; 2.5 V        ; 0 s                 ; 0 s                 ; 2.32 V                       ; 1.95e-08 V                   ; 2.38 V              ; -0.0059 V           ; 0.18 V                               ; 0.031 V                              ; 6.58e-10 s                  ; 8.63e-10 s                  ; No                         ; Yes                        ; 2.32 V                      ; 1.95e-08 V                  ; 2.38 V             ; -0.0059 V          ; 0.18 V                              ; 0.031 V                             ; 6.58e-10 s                 ; 8.63e-10 s                 ; No                        ; Yes                       ;
; SDRAM_CKE      ; 2.5 V        ; 0 s                 ; 0 s                 ; 2.32 V                       ; 1.95e-08 V                   ; 2.38 V              ; -0.00581 V          ; 0.181 V                              ; 0.03 V                               ; 6.58e-10 s                  ; 8.65e-10 s                  ; No                         ; Yes                        ; 2.32 V                      ; 1.95e-08 V                  ; 2.38 V             ; -0.00581 V         ; 0.181 V                             ; 0.03 V                              ; 6.58e-10 s                 ; 8.65e-10 s                 ; No                        ; Yes                       ;
; SDRAM_CSn      ; 2.5 V        ; 0 s                 ; 0 s                 ; 2.32 V                       ; 1.95e-08 V                   ; 2.38 V              ; -0.00581 V          ; 0.181 V                              ; 0.03 V                               ; 6.58e-10 s                  ; 8.65e-10 s                  ; No                         ; Yes                        ; 2.32 V                      ; 1.95e-08 V                  ; 2.38 V             ; -0.00581 V         ; 0.181 V                             ; 0.03 V                              ; 6.58e-10 s                 ; 8.65e-10 s                 ; No                        ; Yes                       ;
; SDRAM_DQM[0]   ; 2.5 V        ; 0 s                 ; 0 s                 ; 2.32 V                       ; 1.95e-08 V                   ; 2.38 V              ; -0.00581 V          ; 0.181 V                              ; 0.03 V                               ; 6.58e-10 s                  ; 8.65e-10 s                  ; No                         ; Yes                        ; 2.32 V                      ; 1.95e-08 V                  ; 2.38 V             ; -0.00581 V         ; 0.181 V                             ; 0.03 V                              ; 6.58e-10 s                 ; 8.65e-10 s                 ; No                        ; Yes                       ;
; SDRAM_DQM[1]   ; 2.5 V        ; 0 s                 ; 0 s                 ; 2.32 V                       ; 1.95e-08 V                   ; 2.38 V              ; -0.00581 V          ; 0.181 V                              ; 0.03 V                               ; 6.58e-10 s                  ; 8.65e-10 s                  ; No                         ; Yes                        ; 2.32 V                      ; 1.95e-08 V                  ; 2.38 V             ; -0.00581 V         ; 0.181 V                             ; 0.03 V                              ; 6.58e-10 s                 ; 8.65e-10 s                 ; No                        ; Yes                       ;
; SDRAM_RASn     ; 2.5 V        ; 0 s                 ; 0 s                 ; 2.32 V                       ; 1.95e-08 V                   ; 2.38 V              ; -0.00581 V          ; 0.181 V                              ; 0.03 V                               ; 6.58e-10 s                  ; 8.65e-10 s                  ; No                         ; Yes                        ; 2.32 V                      ; 1.95e-08 V                  ; 2.38 V             ; -0.00581 V         ; 0.181 V                             ; 0.03 V                              ; 6.58e-10 s                 ; 8.65e-10 s                 ; No                        ; Yes                       ;
; SDRAM_CASn     ; 2.5 V        ; 0 s                 ; 0 s                 ; 2.32 V                       ; 1.95e-08 V                   ; 2.38 V              ; -0.0059 V           ; 0.18 V                               ; 0.031 V                              ; 6.58e-10 s                  ; 8.63e-10 s                  ; No                         ; Yes                        ; 2.32 V                      ; 1.95e-08 V                  ; 2.38 V             ; -0.0059 V          ; 0.18 V                              ; 0.031 V                             ; 6.58e-10 s                 ; 8.63e-10 s                 ; No                        ; Yes                       ;
; SDRAM_WEn      ; 2.5 V        ; 0 s                 ; 0 s                 ; 2.32 V                       ; 1.95e-08 V                   ; 2.38 V              ; -0.0059 V           ; 0.18 V                               ; 0.031 V                              ; 6.58e-10 s                  ; 8.63e-10 s                  ; No                         ; Yes                        ; 2.32 V                      ; 1.95e-08 V                  ; 2.38 V             ; -0.0059 V          ; 0.18 V                              ; 0.031 V                             ; 6.58e-10 s                 ; 8.63e-10 s                 ; No                        ; Yes                       ;
; SDRAM_BA[0]    ; 2.5 V        ; 0 s                 ; 0 s                 ; 2.32 V                       ; 1.95e-08 V                   ; 2.38 V              ; -0.0059 V           ; 0.18 V                               ; 0.031 V                              ; 6.58e-10 s                  ; 8.63e-10 s                  ; No                         ; Yes                        ; 2.32 V                      ; 1.95e-08 V                  ; 2.38 V             ; -0.0059 V          ; 0.18 V                              ; 0.031 V                             ; 6.58e-10 s                 ; 8.63e-10 s                 ; No                        ; Yes                       ;
; SDRAM_BA[1]    ; 2.5 V        ; 0 s                 ; 0 s                 ; 2.32 V                       ; 1.95e-08 V                   ; 2.38 V              ; -0.00581 V          ; 0.181 V                              ; 0.03 V                               ; 6.58e-10 s                  ; 8.65e-10 s                  ; No                         ; Yes                        ; 2.32 V                      ; 1.95e-08 V                  ; 2.38 V             ; -0.00581 V         ; 0.181 V                             ; 0.03 V                              ; 6.58e-10 s                 ; 8.65e-10 s                 ; No                        ; Yes                       ;
; SDRAM_ADDR[0]  ; 2.5 V        ; 0 s                 ; 0 s                 ; 2.32 V                       ; 1.95e-08 V                   ; 2.38 V              ; -0.00581 V          ; 0.181 V                              ; 0.03 V                               ; 6.58e-10 s                  ; 8.65e-10 s                  ; No                         ; Yes                        ; 2.32 V                      ; 1.95e-08 V                  ; 2.38 V             ; -0.00581 V         ; 0.181 V                             ; 0.03 V                              ; 6.58e-10 s                 ; 8.65e-10 s                 ; No                        ; Yes                       ;
; SDRAM_ADDR[1]  ; 2.5 V        ; 0 s                 ; 0 s                 ; 2.32 V                       ; 1.95e-08 V                   ; 2.38 V              ; -0.0059 V           ; 0.18 V                               ; 0.031 V                              ; 6.58e-10 s                  ; 8.63e-10 s                  ; No                         ; Yes                        ; 2.32 V                      ; 1.95e-08 V                  ; 2.38 V             ; -0.0059 V          ; 0.18 V                              ; 0.031 V                             ; 6.58e-10 s                 ; 8.63e-10 s                 ; No                        ; Yes                       ;
; SDRAM_ADDR[2]  ; 2.5 V        ; 0 s                 ; 0 s                 ; 2.32 V                       ; 1.95e-08 V                   ; 2.38 V              ; -0.0059 V           ; 0.18 V                               ; 0.031 V                              ; 6.58e-10 s                  ; 8.63e-10 s                  ; No                         ; Yes                        ; 2.32 V                      ; 1.95e-08 V                  ; 2.38 V             ; -0.0059 V          ; 0.18 V                              ; 0.031 V                             ; 6.58e-10 s                 ; 8.63e-10 s                 ; No                        ; Yes                       ;
; SDRAM_ADDR[3]  ; 2.5 V        ; 0 s                 ; 0 s                 ; 2.32 V                       ; 1.95e-08 V                   ; 2.38 V              ; -0.0059 V           ; 0.18 V                               ; 0.031 V                              ; 6.58e-10 s                  ; 8.63e-10 s                  ; No                         ; Yes                        ; 2.32 V                      ; 1.95e-08 V                  ; 2.38 V             ; -0.0059 V          ; 0.18 V                              ; 0.031 V                             ; 6.58e-10 s                 ; 8.63e-10 s                 ; No                        ; Yes                       ;
; SDRAM_ADDR[4]  ; 2.5 V        ; 0 s                 ; 0 s                 ; 2.32 V                       ; 1.95e-08 V                   ; 2.38 V              ; -0.00581 V          ; 0.181 V                              ; 0.03 V                               ; 6.58e-10 s                  ; 8.65e-10 s                  ; No                         ; Yes                        ; 2.32 V                      ; 1.95e-08 V                  ; 2.38 V             ; -0.00581 V         ; 0.181 V                             ; 0.03 V                              ; 6.58e-10 s                 ; 8.65e-10 s                 ; No                        ; Yes                       ;
; SDRAM_ADDR[5]  ; 2.5 V        ; 0 s                 ; 0 s                 ; 2.32 V                       ; 1.95e-08 V                   ; 2.38 V              ; -0.00581 V          ; 0.181 V                              ; 0.03 V                               ; 6.58e-10 s                  ; 8.65e-10 s                  ; No                         ; Yes                        ; 2.32 V                      ; 1.95e-08 V                  ; 2.38 V             ; -0.00581 V         ; 0.181 V                             ; 0.03 V                              ; 6.58e-10 s                 ; 8.65e-10 s                 ; No                        ; Yes                       ;
; SDRAM_ADDR[6]  ; 2.5 V        ; 0 s                 ; 0 s                 ; 2.32 V                       ; 1.95e-08 V                   ; 2.38 V              ; -0.0059 V           ; 0.18 V                               ; 0.031 V                              ; 6.58e-10 s                  ; 8.63e-10 s                  ; No                         ; Yes                        ; 2.32 V                      ; 1.95e-08 V                  ; 2.38 V             ; -0.0059 V          ; 0.18 V                              ; 0.031 V                             ; 6.58e-10 s                 ; 8.63e-10 s                 ; No                        ; Yes                       ;
; SDRAM_ADDR[7]  ; 2.5 V        ; 0 s                 ; 0 s                 ; 2.32 V                       ; 1.95e-08 V                   ; 2.38 V              ; -0.0059 V           ; 0.18 V                               ; 0.031 V                              ; 6.58e-10 s                  ; 8.63e-10 s                  ; No                         ; Yes                        ; 2.32 V                      ; 1.95e-08 V                  ; 2.38 V             ; -0.0059 V          ; 0.18 V                              ; 0.031 V                             ; 6.58e-10 s                 ; 8.63e-10 s                 ; No                        ; Yes                       ;
; SDRAM_ADDR[8]  ; 2.5 V        ; 0 s                 ; 0 s                 ; 2.32 V                       ; 1.95e-08 V                   ; 2.38 V              ; -0.00581 V          ; 0.181 V                              ; 0.03 V                               ; 6.58e-10 s                  ; 8.65e-10 s                  ; No                         ; Yes                        ; 2.32 V                      ; 1.95e-08 V                  ; 2.38 V             ; -0.00581 V         ; 0.181 V                             ; 0.03 V                              ; 6.58e-10 s                 ; 8.65e-10 s                 ; No                        ; Yes                       ;
; SDRAM_ADDR[9]  ; 2.5 V        ; 0 s                 ; 0 s                 ; 2.32 V                       ; 1.95e-08 V                   ; 2.38 V              ; -0.0059 V           ; 0.18 V                               ; 0.031 V                              ; 6.58e-10 s                  ; 8.63e-10 s                  ; No                         ; Yes                        ; 2.32 V                      ; 1.95e-08 V                  ; 2.38 V             ; -0.0059 V          ; 0.18 V                              ; 0.031 V                             ; 6.58e-10 s                 ; 8.63e-10 s                 ; No                        ; Yes                       ;
; SDRAM_ADDR[10] ; 2.5 V        ; 0 s                 ; 0 s                 ; 2.32 V                       ; 1.95e-08 V                   ; 2.38 V              ; -0.0059 V           ; 0.18 V                               ; 0.031 V                              ; 6.58e-10 s                  ; 8.63e-10 s                  ; No                         ; Yes                        ; 2.32 V                      ; 1.95e-08 V                  ; 2.38 V             ; -0.0059 V          ; 0.18 V                              ; 0.031 V                             ; 6.58e-10 s                 ; 8.63e-10 s                 ; No                        ; Yes                       ;
; SDRAM_ADDR[11] ; 2.5 V        ; 0 s                 ; 0 s                 ; 2.32 V                       ; 1.95e-08 V                   ; 2.38 V              ; -0.00581 V          ; 0.181 V                              ; 0.03 V                               ; 6.58e-10 s                  ; 8.65e-10 s                  ; No                         ; Yes                        ; 2.32 V                      ; 1.95e-08 V                  ; 2.38 V             ; -0.00581 V         ; 0.181 V                             ; 0.03 V                              ; 6.58e-10 s                 ; 8.65e-10 s                 ; No                        ; Yes                       ;
; SDRAM_ADDR[12] ; 2.5 V        ; 0 s                 ; 0 s                 ; 2.32 V                       ; 1.95e-08 V                   ; 2.38 V              ; -0.00581 V          ; 0.181 V                              ; 0.03 V                               ; 6.58e-10 s                  ; 8.65e-10 s                  ; No                         ; Yes                        ; 2.32 V                      ; 1.95e-08 V                  ; 2.38 V             ; -0.00581 V         ; 0.181 V                             ; 0.03 V                              ; 6.58e-10 s                 ; 8.65e-10 s                 ; No                        ; Yes                       ;
; TMSC_pri       ; 2.5 V        ; 0 s                 ; 0 s                 ; 2.32 V                       ; 1.95e-08 V                   ; 2.38 V              ; -0.00581 V          ; 0.181 V                              ; 0.03 V                               ; 6.58e-10 s                  ; 8.65e-10 s                  ; No                         ; Yes                        ; 2.32 V                      ; 1.95e-08 V                  ; 2.38 V             ; -0.00581 V         ; 0.181 V                             ; 0.03 V                              ; 6.58e-10 s                 ; 8.65e-10 s                 ; No                        ; Yes                       ;
; TMSC_rep       ; 2.5 V        ; 0 s                 ; 0 s                 ; 2.32 V                       ; 1.95e-08 V                   ; 2.38 V              ; -0.00581 V          ; 0.181 V                              ; 0.03 V                               ; 6.58e-10 s                  ; 8.65e-10 s                  ; No                         ; Yes                        ; 2.32 V                      ; 1.95e-08 V                  ; 2.38 V             ; -0.00581 V         ; 0.181 V                             ; 0.03 V                              ; 6.58e-10 s                 ; 8.65e-10 s                 ; No                        ; Yes                       ;
; GPIO0[0]       ; 2.5 V        ; 0 s                 ; 0 s                 ; 2.32 V                       ; 1.95e-08 V                   ; 2.38 V              ; -0.0059 V           ; 0.18 V                               ; 0.031 V                              ; 6.58e-10 s                  ; 8.63e-10 s                  ; No                         ; Yes                        ; 2.32 V                      ; 1.95e-08 V                  ; 2.38 V             ; -0.0059 V          ; 0.18 V                              ; 0.031 V                             ; 6.58e-10 s                 ; 8.63e-10 s                 ; No                        ; Yes                       ;
; GPIO0[1]       ; 2.5 V        ; 0 s                 ; 0 s                 ; 2.32 V                       ; 1.95e-08 V                   ; 2.38 V              ; -0.00581 V          ; 0.181 V                              ; 0.03 V                               ; 6.58e-10 s                  ; 8.65e-10 s                  ; No                         ; Yes                        ; 2.32 V                      ; 1.95e-08 V                  ; 2.38 V             ; -0.00581 V         ; 0.181 V                             ; 0.03 V                              ; 6.58e-10 s                 ; 8.65e-10 s                 ; No                        ; Yes                       ;
; GPIO0[2]       ; 2.5 V        ; 0 s                 ; 0 s                 ; 2.32 V                       ; 1.95e-08 V                   ; 2.38 V              ; -0.00581 V          ; 0.181 V                              ; 0.03 V                               ; 6.58e-10 s                  ; 8.65e-10 s                  ; No                         ; Yes                        ; 2.32 V                      ; 1.95e-08 V                  ; 2.38 V             ; -0.00581 V         ; 0.181 V                             ; 0.03 V                              ; 6.58e-10 s                 ; 8.65e-10 s                 ; No                        ; Yes                       ;
; GPIO0[3]       ; 2.5 V        ; 0 s                 ; 0 s                 ; 2.32 V                       ; 1.95e-08 V                   ; 2.38 V              ; -0.0059 V           ; 0.18 V                               ; 0.031 V                              ; 6.58e-10 s                  ; 8.63e-10 s                  ; No                         ; Yes                        ; 2.32 V                      ; 1.95e-08 V                  ; 2.38 V             ; -0.0059 V          ; 0.18 V                              ; 0.031 V                             ; 6.58e-10 s                 ; 8.63e-10 s                 ; No                        ; Yes                       ;
; GPIO0[4]       ; 2.5 V        ; 0 s                 ; 0 s                 ; 2.32 V                       ; 1.95e-08 V                   ; 2.38 V              ; -0.0059 V           ; 0.18 V                               ; 0.031 V                              ; 6.58e-10 s                  ; 8.63e-10 s                  ; No                         ; Yes                        ; 2.32 V                      ; 1.95e-08 V                  ; 2.38 V             ; -0.0059 V          ; 0.18 V                              ; 0.031 V                             ; 6.58e-10 s                 ; 8.63e-10 s                 ; No                        ; Yes                       ;
; GPIO0[5]       ; 2.5 V        ; 0 s                 ; 0 s                 ; 2.32 V                       ; 1.95e-08 V                   ; 2.38 V              ; -0.0059 V           ; 0.18 V                               ; 0.031 V                              ; 6.58e-10 s                  ; 8.63e-10 s                  ; No                         ; Yes                        ; 2.32 V                      ; 1.95e-08 V                  ; 2.38 V             ; -0.0059 V          ; 0.18 V                              ; 0.031 V                             ; 6.58e-10 s                 ; 8.63e-10 s                 ; No                        ; Yes                       ;
; GPIO0[6]       ; 2.5 V        ; 0 s                 ; 0 s                 ; 2.32 V                       ; 1.95e-08 V                   ; 2.38 V              ; -0.00581 V          ; 0.181 V                              ; 0.03 V                               ; 6.58e-10 s                  ; 8.65e-10 s                  ; No                         ; Yes                        ; 2.32 V                      ; 1.95e-08 V                  ; 2.38 V             ; -0.00581 V         ; 0.181 V                             ; 0.03 V                              ; 6.58e-10 s                 ; 8.65e-10 s                 ; No                        ; Yes                       ;
; GPIO0[7]       ; 2.5 V        ; 0 s                 ; 0 s                 ; 2.32 V                       ; 1.95e-08 V                   ; 2.38 V              ; -0.0059 V           ; 0.18 V                               ; 0.031 V                              ; 6.58e-10 s                  ; 8.63e-10 s                  ; No                         ; Yes                        ; 2.32 V                      ; 1.95e-08 V                  ; 2.38 V             ; -0.0059 V          ; 0.18 V                              ; 0.031 V                             ; 6.58e-10 s                 ; 8.63e-10 s                 ; No                        ; Yes                       ;
; GPIO0[8]       ; 2.5 V        ; 0 s                 ; 0 s                 ; 2.32 V                       ; 1.95e-08 V                   ; 2.38 V              ; -0.0059 V           ; 0.18 V                               ; 0.031 V                              ; 6.58e-10 s                  ; 8.63e-10 s                  ; No                         ; Yes                        ; 2.32 V                      ; 1.95e-08 V                  ; 2.38 V             ; -0.0059 V          ; 0.18 V                              ; 0.031 V                             ; 6.58e-10 s                 ; 8.63e-10 s                 ; No                        ; Yes                       ;
; GPIO0[9]       ; 2.5 V        ; 0 s                 ; 0 s                 ; 2.32 V                       ; 1.95e-08 V                   ; 2.38 V              ; -0.0059 V           ; 0.18 V                               ; 0.031 V                              ; 6.58e-10 s                  ; 8.63e-10 s                  ; No                         ; Yes                        ; 2.32 V                      ; 1.95e-08 V                  ; 2.38 V             ; -0.0059 V          ; 0.18 V                              ; 0.031 V                             ; 6.58e-10 s                 ; 8.63e-10 s                 ; No                        ; Yes                       ;
; GPIO0[10]      ; 2.5 V        ; 0 s                 ; 0 s                 ; 2.32 V                       ; 1.95e-08 V                   ; 2.38 V              ; -0.00581 V          ; 0.181 V                              ; 0.03 V                               ; 6.58e-10 s                  ; 8.65e-10 s                  ; No                         ; Yes                        ; 2.32 V                      ; 1.95e-08 V                  ; 2.38 V             ; -0.00581 V         ; 0.181 V                             ; 0.03 V                              ; 6.58e-10 s                 ; 8.65e-10 s                 ; No                        ; Yes                       ;
; GPIO0[11]      ; 2.5 V        ; 0 s                 ; 0 s                 ; 2.32 V                       ; 1.95e-08 V                   ; 2.38 V              ; -0.0059 V           ; 0.18 V                               ; 0.031 V                              ; 6.58e-10 s                  ; 8.63e-10 s                  ; No                         ; Yes                        ; 2.32 V                      ; 1.95e-08 V                  ; 2.38 V             ; -0.0059 V          ; 0.18 V                              ; 0.031 V                             ; 6.58e-10 s                 ; 8.63e-10 s                 ; No                        ; Yes                       ;
; GPIO0[12]      ; 2.5 V        ; 0 s                 ; 0 s                 ; 2.32 V                       ; 1.95e-08 V                   ; 2.38 V              ; -0.00581 V          ; 0.181 V                              ; 0.03 V                               ; 6.58e-10 s                  ; 8.65e-10 s                  ; No                         ; Yes                        ; 2.32 V                      ; 1.95e-08 V                  ; 2.38 V             ; -0.00581 V         ; 0.181 V                             ; 0.03 V                              ; 6.58e-10 s                 ; 8.65e-10 s                 ; No                        ; Yes                       ;
; GPIO0[13]      ; 2.5 V        ; 0 s                 ; 0 s                 ; 2.32 V                       ; 1.95e-08 V                   ; 2.38 V              ; -0.0059 V           ; 0.18 V                               ; 0.031 V                              ; 6.58e-10 s                  ; 8.63e-10 s                  ; No                         ; Yes                        ; 2.32 V                      ; 1.95e-08 V                  ; 2.38 V             ; -0.0059 V          ; 0.18 V                              ; 0.031 V                             ; 6.58e-10 s                 ; 8.63e-10 s                 ; No                        ; Yes                       ;
; GPIO0[14]      ; 2.5 V        ; 0 s                 ; 0 s                 ; 2.32 V                       ; 1.95e-08 V                   ; 2.38 V              ; -0.00581 V          ; 0.181 V                              ; 0.03 V                               ; 6.58e-10 s                  ; 8.65e-10 s                  ; No                         ; Yes                        ; 2.32 V                      ; 1.95e-08 V                  ; 2.38 V             ; -0.00581 V         ; 0.181 V                             ; 0.03 V                              ; 6.58e-10 s                 ; 8.65e-10 s                 ; No                        ; Yes                       ;
; GPIO0[15]      ; 2.5 V        ; 0 s                 ; 0 s                 ; 2.32 V                       ; 1.95e-08 V                   ; 2.38 V              ; -0.00581 V          ; 0.181 V                              ; 0.03 V                               ; 6.58e-10 s                  ; 8.65e-10 s                  ; No                         ; Yes                        ; 2.32 V                      ; 1.95e-08 V                  ; 2.38 V             ; -0.00581 V         ; 0.181 V                             ; 0.03 V                              ; 6.58e-10 s                 ; 8.65e-10 s                 ; No                        ; Yes                       ;
; GPIO0[16]      ; 2.5 V        ; 0 s                 ; 0 s                 ; 2.32 V                       ; 1.95e-08 V                   ; 2.38 V              ; -0.0059 V           ; 0.18 V                               ; 0.031 V                              ; 6.58e-10 s                  ; 8.63e-10 s                  ; No                         ; Yes                        ; 2.32 V                      ; 1.95e-08 V                  ; 2.38 V             ; -0.0059 V          ; 0.18 V                              ; 0.031 V                             ; 6.58e-10 s                 ; 8.63e-10 s                 ; No                        ; Yes                       ;
; GPIO0[17]      ; 2.5 V        ; 0 s                 ; 0 s                 ; 2.32 V                       ; 1.95e-08 V                   ; 2.38 V              ; -0.0059 V           ; 0.18 V                               ; 0.031 V                              ; 6.58e-10 s                  ; 8.63e-10 s                  ; No                         ; Yes                        ; 2.32 V                      ; 1.95e-08 V                  ; 2.38 V             ; -0.0059 V          ; 0.18 V                              ; 0.031 V                             ; 6.58e-10 s                 ; 8.63e-10 s                 ; No                        ; Yes                       ;
; GPIO0[18]      ; 2.5 V        ; 0 s                 ; 0 s                 ; 2.32 V                       ; 1.95e-08 V                   ; 2.38 V              ; -0.00581 V          ; 0.181 V                              ; 0.03 V                               ; 6.58e-10 s                  ; 8.65e-10 s                  ; No                         ; Yes                        ; 2.32 V                      ; 1.95e-08 V                  ; 2.38 V             ; -0.00581 V         ; 0.181 V                             ; 0.03 V                              ; 6.58e-10 s                 ; 8.65e-10 s                 ; No                        ; Yes                       ;
; GPIO0[19]      ; 2.5 V        ; 0 s                 ; 0 s                 ; 2.32 V                       ; 1.95e-08 V                   ; 2.38 V              ; -0.00581 V          ; 0.181 V                              ; 0.03 V                               ; 6.58e-10 s                  ; 8.65e-10 s                  ; No                         ; Yes                        ; 2.32 V                      ; 1.95e-08 V                  ; 2.38 V             ; -0.00581 V         ; 0.181 V                             ; 0.03 V                              ; 6.58e-10 s                 ; 8.65e-10 s                 ; No                        ; Yes                       ;
; GPIO0[20]      ; 2.5 V        ; 0 s                 ; 0 s                 ; 2.32 V                       ; 1.95e-08 V                   ; 2.38 V              ; -0.00581 V          ; 0.181 V                              ; 0.03 V                               ; 6.58e-10 s                  ; 8.65e-10 s                  ; No                         ; Yes                        ; 2.32 V                      ; 1.95e-08 V                  ; 2.38 V             ; -0.00581 V         ; 0.181 V                             ; 0.03 V                              ; 6.58e-10 s                 ; 8.65e-10 s                 ; No                        ; Yes                       ;
; GPIO0[21]      ; 2.5 V        ; 0 s                 ; 0 s                 ; 2.32 V                       ; 1.95e-08 V                   ; 2.38 V              ; -0.00581 V          ; 0.181 V                              ; 0.03 V                               ; 6.58e-10 s                  ; 8.65e-10 s                  ; No                         ; Yes                        ; 2.32 V                      ; 1.95e-08 V                  ; 2.38 V             ; -0.00581 V         ; 0.181 V                             ; 0.03 V                              ; 6.58e-10 s                 ; 8.65e-10 s                 ; No                        ; Yes                       ;
; GPIO0[22]      ; 2.5 V        ; 0 s                 ; 0 s                 ; 2.32 V                       ; 1.95e-08 V                   ; 2.38 V              ; -0.0059 V           ; 0.18 V                               ; 0.031 V                              ; 6.58e-10 s                  ; 8.63e-10 s                  ; No                         ; Yes                        ; 2.32 V                      ; 1.95e-08 V                  ; 2.38 V             ; -0.0059 V          ; 0.18 V                              ; 0.031 V                             ; 6.58e-10 s                 ; 8.63e-10 s                 ; No                        ; Yes                       ;
; GPIO0[23]      ; 2.5 V        ; 0 s                 ; 0 s                 ; 2.32 V                       ; 1.95e-08 V                   ; 2.38 V              ; -0.00581 V          ; 0.181 V                              ; 0.03 V                               ; 6.58e-10 s                  ; 8.65e-10 s                  ; No                         ; Yes                        ; 2.32 V                      ; 1.95e-08 V                  ; 2.38 V             ; -0.00581 V         ; 0.181 V                             ; 0.03 V                              ; 6.58e-10 s                 ; 8.65e-10 s                 ; No                        ; Yes                       ;
; GPIO0[24]      ; 2.5 V        ; 0 s                 ; 0 s                 ; 2.32 V                       ; 1.95e-08 V                   ; 2.38 V              ; -0.0059 V           ; 0.18 V                               ; 0.031 V                              ; 6.58e-10 s                  ; 8.63e-10 s                  ; No                         ; Yes                        ; 2.32 V                      ; 1.95e-08 V                  ; 2.38 V             ; -0.0059 V          ; 0.18 V                              ; 0.031 V                             ; 6.58e-10 s                 ; 8.63e-10 s                 ; No                        ; Yes                       ;
; GPIO0[25]      ; 2.5 V        ; 0 s                 ; 0 s                 ; 2.32 V                       ; 1.95e-08 V                   ; 2.38 V              ; -0.0059 V           ; 0.18 V                               ; 0.031 V                              ; 6.58e-10 s                  ; 8.63e-10 s                  ; No                         ; Yes                        ; 2.32 V                      ; 1.95e-08 V                  ; 2.38 V             ; -0.0059 V          ; 0.18 V                              ; 0.031 V                             ; 6.58e-10 s                 ; 8.63e-10 s                 ; No                        ; Yes                       ;
; GPIO0[26]      ; 2.5 V        ; 0 s                 ; 0 s                 ; 2.32 V                       ; 1.95e-08 V                   ; 2.38 V              ; -0.00581 V          ; 0.181 V                              ; 0.03 V                               ; 6.58e-10 s                  ; 8.65e-10 s                  ; No                         ; Yes                        ; 2.32 V                      ; 1.95e-08 V                  ; 2.38 V             ; -0.00581 V         ; 0.181 V                             ; 0.03 V                              ; 6.58e-10 s                 ; 8.65e-10 s                 ; No                        ; Yes                       ;
; GPIO0[27]      ; 2.5 V        ; 0 s                 ; 0 s                 ; 2.32 V                       ; 1.95e-08 V                   ; 2.38 V              ; -0.0059 V           ; 0.18 V                               ; 0.031 V                              ; 6.58e-10 s                  ; 8.63e-10 s                  ; No                         ; Yes                        ; 2.32 V                      ; 1.95e-08 V                  ; 2.38 V             ; -0.0059 V          ; 0.18 V                              ; 0.031 V                             ; 6.58e-10 s                 ; 8.63e-10 s                 ; No                        ; Yes                       ;
; GPIO0[28]      ; 2.5 V        ; 0 s                 ; 0 s                 ; 2.32 V                       ; 1.95e-08 V                   ; 2.38 V              ; -0.0059 V           ; 0.18 V                               ; 0.031 V                              ; 6.58e-10 s                  ; 8.63e-10 s                  ; No                         ; Yes                        ; 2.32 V                      ; 1.95e-08 V                  ; 2.38 V             ; -0.0059 V          ; 0.18 V                              ; 0.031 V                             ; 6.58e-10 s                 ; 8.63e-10 s                 ; No                        ; Yes                       ;
; GPIO0[29]      ; 2.5 V        ; 0 s                 ; 0 s                 ; 2.32 V                       ; 1.95e-08 V                   ; 2.38 V              ; -0.00581 V          ; 0.181 V                              ; 0.03 V                               ; 6.58e-10 s                  ; 8.65e-10 s                  ; No                         ; Yes                        ; 2.32 V                      ; 1.95e-08 V                  ; 2.38 V             ; -0.00581 V         ; 0.181 V                             ; 0.03 V                              ; 6.58e-10 s                 ; 8.65e-10 s                 ; No                        ; Yes                       ;
; GPIO0[30]      ; 2.5 V        ; 0 s                 ; 0 s                 ; 2.32 V                       ; 1.95e-08 V                   ; 2.38 V              ; -0.00581 V          ; 0.181 V                              ; 0.03 V                               ; 6.58e-10 s                  ; 8.65e-10 s                  ; No                         ; Yes                        ; 2.32 V                      ; 1.95e-08 V                  ; 2.38 V             ; -0.00581 V         ; 0.181 V                             ; 0.03 V                              ; 6.58e-10 s                 ; 8.65e-10 s                 ; No                        ; Yes                       ;
; GPIO0[31]      ; 2.5 V        ; 0 s                 ; 0 s                 ; 2.32 V                       ; 1.95e-08 V                   ; 2.38 V              ; -0.0059 V           ; 0.18 V                               ; 0.031 V                              ; 6.58e-10 s                  ; 8.63e-10 s                  ; No                         ; Yes                        ; 2.32 V                      ; 1.95e-08 V                  ; 2.38 V             ; -0.0059 V          ; 0.18 V                              ; 0.031 V                             ; 6.58e-10 s                 ; 8.63e-10 s                 ; No                        ; Yes                       ;
; GPIO1[0]       ; 2.5 V        ; 0 s                 ; 0 s                 ; 2.32 V                       ; 1.95e-08 V                   ; 2.38 V              ; -0.00581 V          ; 0.181 V                              ; 0.03 V                               ; 6.58e-10 s                  ; 8.65e-10 s                  ; No                         ; Yes                        ; 2.32 V                      ; 1.95e-08 V                  ; 2.38 V             ; -0.00581 V         ; 0.181 V                             ; 0.03 V                              ; 6.58e-10 s                 ; 8.65e-10 s                 ; No                        ; Yes                       ;
; GPIO1[1]       ; 2.5 V        ; 0 s                 ; 0 s                 ; 2.32 V                       ; 1.95e-08 V                   ; 2.38 V              ; -0.00581 V          ; 0.181 V                              ; 0.03 V                               ; 6.58e-10 s                  ; 8.65e-10 s                  ; No                         ; Yes                        ; 2.32 V                      ; 1.95e-08 V                  ; 2.38 V             ; -0.00581 V         ; 0.181 V                             ; 0.03 V                              ; 6.58e-10 s                 ; 8.65e-10 s                 ; No                        ; Yes                       ;
; GPIO1[2]       ; 2.5 V        ; 0 s                 ; 0 s                 ; 2.32 V                       ; 1.95e-08 V                   ; 2.38 V              ; -0.0059 V           ; 0.18 V                               ; 0.031 V                              ; 6.58e-10 s                  ; 8.63e-10 s                  ; No                         ; Yes                        ; 2.32 V                      ; 1.95e-08 V                  ; 2.38 V             ; -0.0059 V          ; 0.18 V                              ; 0.031 V                             ; 6.58e-10 s                 ; 8.63e-10 s                 ; No                        ; Yes                       ;
; GPIO1[3]       ; 2.5 V        ; 0 s                 ; 0 s                 ; 2.32 V                       ; 1.95e-08 V                   ; 2.38 V              ; -0.00581 V          ; 0.181 V                              ; 0.03 V                               ; 6.58e-10 s                  ; 8.65e-10 s                  ; No                         ; Yes                        ; 2.32 V                      ; 1.95e-08 V                  ; 2.38 V             ; -0.00581 V         ; 0.181 V                             ; 0.03 V                              ; 6.58e-10 s                 ; 8.65e-10 s                 ; No                        ; Yes                       ;
; GPIO1[4]       ; 2.5 V        ; 0 s                 ; 0 s                 ; 2.32 V                       ; 1.95e-08 V                   ; 2.38 V              ; -0.0059 V           ; 0.18 V                               ; 0.031 V                              ; 6.58e-10 s                  ; 8.63e-10 s                  ; No                         ; Yes                        ; 2.32 V                      ; 1.95e-08 V                  ; 2.38 V             ; -0.0059 V          ; 0.18 V                              ; 0.031 V                             ; 6.58e-10 s                 ; 8.63e-10 s                 ; No                        ; Yes                       ;
; GPIO1[5]       ; 2.5 V        ; 0 s                 ; 0 s                 ; 2.32 V                       ; 1.95e-08 V                   ; 2.38 V              ; -0.0059 V           ; 0.18 V                               ; 0.031 V                              ; 6.58e-10 s                  ; 8.63e-10 s                  ; No                         ; Yes                        ; 2.32 V                      ; 1.95e-08 V                  ; 2.38 V             ; -0.0059 V          ; 0.18 V                              ; 0.031 V                             ; 6.58e-10 s                 ; 8.63e-10 s                 ; No                        ; Yes                       ;
; GPIO1[6]       ; 2.5 V        ; 0 s                 ; 0 s                 ; 2.32 V                       ; 1.95e-08 V                   ; 2.38 V              ; -0.00581 V          ; 0.181 V                              ; 0.03 V                               ; 6.58e-10 s                  ; 8.65e-10 s                  ; No                         ; Yes                        ; 2.32 V                      ; 1.95e-08 V                  ; 2.38 V             ; -0.00581 V         ; 0.181 V                             ; 0.03 V                              ; 6.58e-10 s                 ; 8.65e-10 s                 ; No                        ; Yes                       ;
; GPIO1[7]       ; 2.5 V        ; 0 s                 ; 0 s                 ; 2.32 V                       ; 1.95e-08 V                   ; 2.38 V              ; -0.0059 V           ; 0.18 V                               ; 0.031 V                              ; 6.58e-10 s                  ; 8.63e-10 s                  ; No                         ; Yes                        ; 2.32 V                      ; 1.95e-08 V                  ; 2.38 V             ; -0.0059 V          ; 0.18 V                              ; 0.031 V                             ; 6.58e-10 s                 ; 8.63e-10 s                 ; No                        ; Yes                       ;
; GPIO1[8]       ; 2.5 V        ; 0 s                 ; 0 s                 ; 2.32 V                       ; 1.95e-08 V                   ; 2.38 V              ; -0.0059 V           ; 0.18 V                               ; 0.031 V                              ; 6.58e-10 s                  ; 8.63e-10 s                  ; No                         ; Yes                        ; 2.32 V                      ; 1.95e-08 V                  ; 2.38 V             ; -0.0059 V          ; 0.18 V                              ; 0.031 V                             ; 6.58e-10 s                 ; 8.63e-10 s                 ; No                        ; Yes                       ;
; GPIO1[9]       ; 2.5 V        ; 0 s                 ; 0 s                 ; 2.32 V                       ; 1.95e-08 V                   ; 2.38 V              ; -0.00581 V          ; 0.181 V                              ; 0.03 V                               ; 6.58e-10 s                  ; 8.65e-10 s                  ; No                         ; Yes                        ; 2.32 V                      ; 1.95e-08 V                  ; 2.38 V             ; -0.00581 V         ; 0.181 V                             ; 0.03 V                              ; 6.58e-10 s                 ; 8.65e-10 s                 ; No                        ; Yes                       ;
; GPIO1[10]      ; 2.5 V        ; 0 s                 ; 0 s                 ; 2.32 V                       ; 1.95e-08 V                   ; 2.38 V              ; -0.00581 V          ; 0.181 V                              ; 0.03 V                               ; 6.58e-10 s                  ; 8.65e-10 s                  ; No                         ; Yes                        ; 2.32 V                      ; 1.95e-08 V                  ; 2.38 V             ; -0.00581 V         ; 0.181 V                             ; 0.03 V                              ; 6.58e-10 s                 ; 8.65e-10 s                 ; No                        ; Yes                       ;
; GPIO1[11]      ; 2.5 V        ; 0 s                 ; 0 s                 ; 2.32 V                       ; 1.95e-08 V                   ; 2.38 V              ; -0.0059 V           ; 0.18 V                               ; 0.031 V                              ; 6.58e-10 s                  ; 8.63e-10 s                  ; No                         ; Yes                        ; 2.32 V                      ; 1.95e-08 V                  ; 2.38 V             ; -0.0059 V          ; 0.18 V                              ; 0.031 V                             ; 6.58e-10 s                 ; 8.63e-10 s                 ; No                        ; Yes                       ;
; GPIO1[12]      ; 2.5 V        ; 0 s                 ; 0 s                 ; 2.32 V                       ; 1.95e-08 V                   ; 2.38 V              ; -0.0059 V           ; 0.18 V                               ; 0.031 V                              ; 6.58e-10 s                  ; 8.63e-10 s                  ; No                         ; Yes                        ; 2.32 V                      ; 1.95e-08 V                  ; 2.38 V             ; -0.0059 V          ; 0.18 V                              ; 0.031 V                             ; 6.58e-10 s                 ; 8.63e-10 s                 ; No                        ; Yes                       ;
; GPIO1[13]      ; 2.5 V        ; 0 s                 ; 0 s                 ; 2.32 V                       ; 1.95e-08 V                   ; 2.38 V              ; -0.00581 V          ; 0.181 V                              ; 0.03 V                               ; 6.58e-10 s                  ; 8.65e-10 s                  ; No                         ; Yes                        ; 2.32 V                      ; 1.95e-08 V                  ; 2.38 V             ; -0.00581 V         ; 0.181 V                             ; 0.03 V                              ; 6.58e-10 s                 ; 8.65e-10 s                 ; No                        ; Yes                       ;
; GPIO1[14]      ; 2.5 V        ; 0 s                 ; 0 s                 ; 2.32 V                       ; 1.95e-08 V                   ; 2.38 V              ; -0.00581 V          ; 0.181 V                              ; 0.03 V                               ; 6.58e-10 s                  ; 8.65e-10 s                  ; No                         ; Yes                        ; 2.32 V                      ; 1.95e-08 V                  ; 2.38 V             ; -0.00581 V         ; 0.181 V                             ; 0.03 V                              ; 6.58e-10 s                 ; 8.65e-10 s                 ; No                        ; Yes                       ;
; GPIO1[15]      ; 2.5 V        ; 0 s                 ; 0 s                 ; 2.32 V                       ; 1.95e-08 V                   ; 2.38 V              ; -0.0059 V           ; 0.18 V                               ; 0.031 V                              ; 6.58e-10 s                  ; 8.63e-10 s                  ; No                         ; Yes                        ; 2.32 V                      ; 1.95e-08 V                  ; 2.38 V             ; -0.0059 V          ; 0.18 V                              ; 0.031 V                             ; 6.58e-10 s                 ; 8.63e-10 s                 ; No                        ; Yes                       ;
; GPIO1[16]      ; 2.5 V        ; 0 s                 ; 0 s                 ; 2.32 V                       ; 1.95e-08 V                   ; 2.38 V              ; -0.00581 V          ; 0.181 V                              ; 0.03 V                               ; 6.58e-10 s                  ; 8.65e-10 s                  ; No                         ; Yes                        ; 2.32 V                      ; 1.95e-08 V                  ; 2.38 V             ; -0.00581 V         ; 0.181 V                             ; 0.03 V                              ; 6.58e-10 s                 ; 8.65e-10 s                 ; No                        ; Yes                       ;
; GPIO1[17]      ; 2.5 V        ; 0 s                 ; 0 s                 ; 2.32 V                       ; 1.95e-08 V                   ; 2.38 V              ; -0.0059 V           ; 0.18 V                               ; 0.031 V                              ; 6.58e-10 s                  ; 8.63e-10 s                  ; No                         ; Yes                        ; 2.32 V                      ; 1.95e-08 V                  ; 2.38 V             ; -0.0059 V          ; 0.18 V                              ; 0.031 V                             ; 6.58e-10 s                 ; 8.63e-10 s                 ; No                        ; Yes                       ;
; GPIO1[18]      ; 2.5 V        ; 0 s                 ; 0 s                 ; 2.32 V                       ; 1.95e-08 V                   ; 2.38 V              ; -0.00581 V          ; 0.181 V                              ; 0.03 V                               ; 6.58e-10 s                  ; 8.65e-10 s                  ; No                         ; Yes                        ; 2.32 V                      ; 1.95e-08 V                  ; 2.38 V             ; -0.00581 V         ; 0.181 V                             ; 0.03 V                              ; 6.58e-10 s                 ; 8.65e-10 s                 ; No                        ; Yes                       ;
; GPIO1[19]      ; 2.5 V        ; 0 s                 ; 0 s                 ; 2.32 V                       ; 1.95e-08 V                   ; 2.38 V              ; -0.0059 V           ; 0.18 V                               ; 0.031 V                              ; 6.58e-10 s                  ; 8.63e-10 s                  ; No                         ; Yes                        ; 2.32 V                      ; 1.95e-08 V                  ; 2.38 V             ; -0.0059 V          ; 0.18 V                              ; 0.031 V                             ; 6.58e-10 s                 ; 8.63e-10 s                 ; No                        ; Yes                       ;
; GPIO1[20]      ; 2.5 V        ; 0 s                 ; 0 s                 ; 2.32 V                       ; 1.95e-08 V                   ; 2.38 V              ; -0.00581 V          ; 0.181 V                              ; 0.03 V                               ; 6.58e-10 s                  ; 8.65e-10 s                  ; No                         ; Yes                        ; 2.32 V                      ; 1.95e-08 V                  ; 2.38 V             ; -0.00581 V         ; 0.181 V                             ; 0.03 V                              ; 6.58e-10 s                 ; 8.65e-10 s                 ; No                        ; Yes                       ;
; GPIO1[21]      ; 2.5 V        ; 0 s                 ; 0 s                 ; 2.32 V                       ; 1.95e-08 V                   ; 2.38 V              ; -0.00581 V          ; 0.181 V                              ; 0.03 V                               ; 6.58e-10 s                  ; 8.65e-10 s                  ; No                         ; Yes                        ; 2.32 V                      ; 1.95e-08 V                  ; 2.38 V             ; -0.00581 V         ; 0.181 V                             ; 0.03 V                              ; 6.58e-10 s                 ; 8.65e-10 s                 ; No                        ; Yes                       ;
; GPIO1[22]      ; 2.5 V        ; 0 s                 ; 0 s                 ; 2.32 V                       ; 1.95e-08 V                   ; 2.38 V              ; -0.00581 V          ; 0.181 V                              ; 0.03 V                               ; 6.58e-10 s                  ; 8.65e-10 s                  ; No                         ; Yes                        ; 2.32 V                      ; 1.95e-08 V                  ; 2.38 V             ; -0.00581 V         ; 0.181 V                             ; 0.03 V                              ; 6.58e-10 s                 ; 8.65e-10 s                 ; No                        ; Yes                       ;
; GPIO1[23]      ; 2.5 V        ; 0 s                 ; 0 s                 ; 2.32 V                       ; 1.95e-08 V                   ; 2.38 V              ; -0.0059 V           ; 0.18 V                               ; 0.031 V                              ; 6.58e-10 s                  ; 8.63e-10 s                  ; No                         ; Yes                        ; 2.32 V                      ; 1.95e-08 V                  ; 2.38 V             ; -0.0059 V          ; 0.18 V                              ; 0.031 V                             ; 6.58e-10 s                 ; 8.63e-10 s                 ; No                        ; Yes                       ;
; GPIO1[24]      ; 2.5 V        ; 0 s                 ; 0 s                 ; 2.32 V                       ; 1.95e-08 V                   ; 2.38 V              ; -0.0059 V           ; 0.18 V                               ; 0.031 V                              ; 6.58e-10 s                  ; 8.63e-10 s                  ; No                         ; Yes                        ; 2.32 V                      ; 1.95e-08 V                  ; 2.38 V             ; -0.0059 V          ; 0.18 V                              ; 0.031 V                             ; 6.58e-10 s                 ; 8.63e-10 s                 ; No                        ; Yes                       ;
; GPIO1[25]      ; 2.5 V        ; 0 s                 ; 0 s                 ; 2.32 V                       ; 1.95e-08 V                   ; 2.38 V              ; -0.00581 V          ; 0.181 V                              ; 0.03 V                               ; 6.58e-10 s                  ; 8.65e-10 s                  ; No                         ; Yes                        ; 2.32 V                      ; 1.95e-08 V                  ; 2.38 V             ; -0.00581 V         ; 0.181 V                             ; 0.03 V                              ; 6.58e-10 s                 ; 8.65e-10 s                 ; No                        ; Yes                       ;
; GPIO1[26]      ; 2.5 V        ; 0 s                 ; 0 s                 ; 2.32 V                       ; 1.95e-08 V                   ; 2.37 V              ; -0.00683 V          ; 0.235 V                              ; 0.051 V                              ; 6.88e-10 s                  ; 9.9e-10 s                   ; No                         ; Yes                        ; 2.32 V                      ; 1.95e-08 V                  ; 2.37 V             ; -0.00683 V         ; 0.235 V                             ; 0.051 V                             ; 6.88e-10 s                 ; 9.9e-10 s                  ; No                        ; Yes                       ;
; GPIO1[27]      ; 2.5 V        ; 0 s                 ; 0 s                 ; 2.32 V                       ; 1.95e-08 V                   ; 2.38 V              ; -0.00618 V          ; 0.236 V                              ; 0.052 V                              ; 6.89e-10 s                  ; 9.91e-10 s                  ; No                         ; Yes                        ; 2.32 V                      ; 1.95e-08 V                  ; 2.38 V             ; -0.00618 V         ; 0.236 V                             ; 0.052 V                             ; 6.89e-10 s                 ; 9.91e-10 s                 ; No                        ; Yes                       ;
; GPIO1[28]      ; 2.5 V        ; 0 s                 ; 0 s                 ; 2.32 V                       ; 1.95e-08 V                   ; 2.37 V              ; -0.00683 V          ; 0.235 V                              ; 0.051 V                              ; 6.88e-10 s                  ; 9.9e-10 s                   ; No                         ; Yes                        ; 2.32 V                      ; 1.95e-08 V                  ; 2.37 V             ; -0.00683 V         ; 0.235 V                             ; 0.051 V                             ; 6.88e-10 s                 ; 9.9e-10 s                  ; No                        ; Yes                       ;
; GPIO1[29]      ; 2.5 V        ; 0 s                 ; 0 s                 ; 2.32 V                       ; 1.95e-08 V                   ; 2.37 V              ; -0.00683 V          ; 0.235 V                              ; 0.051 V                              ; 6.88e-10 s                  ; 9.9e-10 s                   ; No                         ; Yes                        ; 2.32 V                      ; 1.95e-08 V                  ; 2.37 V             ; -0.00683 V         ; 0.235 V                             ; 0.051 V                             ; 6.88e-10 s                 ; 9.9e-10 s                  ; No                        ; Yes                       ;
; GPIO1[30]      ; 2.5 V        ; 0 s                 ; 0 s                 ; 2.32 V                       ; 1.95e-08 V                   ; 2.38 V              ; -0.00618 V          ; 0.236 V                              ; 0.052 V                              ; 6.89e-10 s                  ; 9.91e-10 s                  ; No                         ; Yes                        ; 2.32 V                      ; 1.95e-08 V                  ; 2.38 V             ; -0.00618 V         ; 0.236 V                             ; 0.052 V                             ; 6.89e-10 s                 ; 9.91e-10 s                 ; No                        ; Yes                       ;
; GPIO1[31]      ; 2.5 V        ; 0 s                 ; 0 s                 ; 2.32 V                       ; 1.95e-08 V                   ; 2.38 V              ; -0.00618 V          ; 0.236 V                              ; 0.052 V                              ; 6.89e-10 s                  ; 9.91e-10 s                  ; No                         ; Yes                        ; 2.32 V                      ; 1.95e-08 V                  ; 2.38 V             ; -0.00618 V         ; 0.236 V                             ; 0.052 V                             ; 6.89e-10 s                 ; 9.91e-10 s                 ; No                        ; Yes                       ;
; GPIO2[0]       ; 2.5 V        ; 0 s                 ; 0 s                 ; 2.32 V                       ; 1.95e-08 V                   ; 2.38 V              ; -0.00581 V          ; 0.181 V                              ; 0.03 V                               ; 6.58e-10 s                  ; 8.65e-10 s                  ; No                         ; Yes                        ; 2.32 V                      ; 1.95e-08 V                  ; 2.38 V             ; -0.00581 V         ; 0.181 V                             ; 0.03 V                              ; 6.58e-10 s                 ; 8.65e-10 s                 ; No                        ; Yes                       ;
; GPIO2[1]       ; 2.5 V        ; 0 s                 ; 0 s                 ; 2.32 V                       ; 1.95e-08 V                   ; 2.38 V              ; -0.0059 V           ; 0.18 V                               ; 0.031 V                              ; 6.58e-10 s                  ; 8.63e-10 s                  ; No                         ; Yes                        ; 2.32 V                      ; 1.95e-08 V                  ; 2.38 V             ; -0.0059 V          ; 0.18 V                              ; 0.031 V                             ; 6.58e-10 s                 ; 8.63e-10 s                 ; No                        ; Yes                       ;
; GPIO2[2]       ; 2.5 V        ; 0 s                 ; 0 s                 ; 2.32 V                       ; 1.95e-08 V                   ; 2.38 V              ; -0.00581 V          ; 0.181 V                              ; 0.03 V                               ; 6.58e-10 s                  ; 8.65e-10 s                  ; No                         ; Yes                        ; 2.32 V                      ; 1.95e-08 V                  ; 2.38 V             ; -0.00581 V         ; 0.181 V                             ; 0.03 V                              ; 6.58e-10 s                 ; 8.65e-10 s                 ; No                        ; Yes                       ;
; GPIO2[3]       ; 2.5 V        ; 0 s                 ; 0 s                 ; 2.32 V                       ; 1.95e-08 V                   ; 2.38 V              ; -0.0059 V           ; 0.18 V                               ; 0.031 V                              ; 6.58e-10 s                  ; 8.63e-10 s                  ; No                         ; Yes                        ; 2.32 V                      ; 1.95e-08 V                  ; 2.38 V             ; -0.0059 V          ; 0.18 V                              ; 0.031 V                             ; 6.58e-10 s                 ; 8.63e-10 s                 ; No                        ; Yes                       ;
; GPIO2[4]       ; 2.5 V        ; 0 s                 ; 0 s                 ; 2.32 V                       ; 1.95e-08 V                   ; 2.38 V              ; -0.00581 V          ; 0.181 V                              ; 0.03 V                               ; 6.58e-10 s                  ; 8.65e-10 s                  ; No                         ; Yes                        ; 2.32 V                      ; 1.95e-08 V                  ; 2.38 V             ; -0.00581 V         ; 0.181 V                             ; 0.03 V                              ; 6.58e-10 s                 ; 8.65e-10 s                 ; No                        ; Yes                       ;
; GPIO2[5]       ; 2.5 V        ; 0 s                 ; 0 s                 ; 2.32 V                       ; 1.95e-08 V                   ; 2.38 V              ; -0.0059 V           ; 0.18 V                               ; 0.031 V                              ; 6.58e-10 s                  ; 8.63e-10 s                  ; No                         ; Yes                        ; 2.32 V                      ; 1.95e-08 V                  ; 2.38 V             ; -0.0059 V          ; 0.18 V                              ; 0.031 V                             ; 6.58e-10 s                 ; 8.63e-10 s                 ; No                        ; Yes                       ;
; GPIO2[6]       ; 2.5 V        ; 0 s                 ; 0 s                 ; 2.32 V                       ; 1.95e-08 V                   ; 2.38 V              ; -0.0059 V           ; 0.18 V                               ; 0.031 V                              ; 6.58e-10 s                  ; 8.63e-10 s                  ; No                         ; Yes                        ; 2.32 V                      ; 1.95e-08 V                  ; 2.38 V             ; -0.0059 V          ; 0.18 V                              ; 0.031 V                             ; 6.58e-10 s                 ; 8.63e-10 s                 ; No                        ; Yes                       ;
; GPIO2[7]       ; 2.5 V        ; 0 s                 ; 0 s                 ; 2.32 V                       ; 1.95e-08 V                   ; 2.38 V              ; -0.0059 V           ; 0.18 V                               ; 0.031 V                              ; 6.58e-10 s                  ; 8.63e-10 s                  ; No                         ; Yes                        ; 2.32 V                      ; 1.95e-08 V                  ; 2.38 V             ; -0.0059 V          ; 0.18 V                              ; 0.031 V                             ; 6.58e-10 s                 ; 8.63e-10 s                 ; No                        ; Yes                       ;
; GPIO2[8]       ; 2.5 V        ; 0 s                 ; 0 s                 ; 2.32 V                       ; 1.95e-08 V                   ; 2.38 V              ; -0.00581 V          ; 0.181 V                              ; 0.03 V                               ; 6.58e-10 s                  ; 8.65e-10 s                  ; No                         ; Yes                        ; 2.32 V                      ; 1.95e-08 V                  ; 2.38 V             ; -0.00581 V         ; 0.181 V                             ; 0.03 V                              ; 6.58e-10 s                 ; 8.65e-10 s                 ; No                        ; Yes                       ;
; GPIO2[9]       ; 2.5 V        ; 0 s                 ; 0 s                 ; 2.32 V                       ; 1.95e-08 V                   ; 2.38 V              ; -0.00581 V          ; 0.181 V                              ; 0.03 V                               ; 6.58e-10 s                  ; 8.65e-10 s                  ; No                         ; Yes                        ; 2.32 V                      ; 1.95e-08 V                  ; 2.38 V             ; -0.00581 V         ; 0.181 V                             ; 0.03 V                              ; 6.58e-10 s                 ; 8.65e-10 s                 ; No                        ; Yes                       ;
; GPIO2[10]      ; 2.5 V        ; 0 s                 ; 0 s                 ; 2.32 V                       ; 1.95e-08 V                   ; 2.38 V              ; -0.0059 V           ; 0.18 V                               ; 0.031 V                              ; 6.58e-10 s                  ; 8.63e-10 s                  ; No                         ; Yes                        ; 2.32 V                      ; 1.95e-08 V                  ; 2.38 V             ; -0.0059 V          ; 0.18 V                              ; 0.031 V                             ; 6.58e-10 s                 ; 8.63e-10 s                 ; No                        ; Yes                       ;
; GPIO2[11]      ; 2.5 V        ; 0 s                 ; 0 s                 ; 2.32 V                       ; 1.95e-08 V                   ; 2.37 V              ; -0.00683 V          ; 0.235 V                              ; 0.051 V                              ; 6.88e-10 s                  ; 9.9e-10 s                   ; No                         ; Yes                        ; 2.32 V                      ; 1.95e-08 V                  ; 2.37 V             ; -0.00683 V         ; 0.235 V                             ; 0.051 V                             ; 6.88e-10 s                 ; 9.9e-10 s                  ; No                        ; Yes                       ;
; GPIO2[12]      ; 2.5 V        ; 0 s                 ; 0 s                 ; 2.32 V                       ; 1.95e-08 V                   ; 2.38 V              ; -0.0059 V           ; 0.18 V                               ; 0.031 V                              ; 6.58e-10 s                  ; 8.63e-10 s                  ; No                         ; Yes                        ; 2.32 V                      ; 1.95e-08 V                  ; 2.38 V             ; -0.0059 V          ; 0.18 V                              ; 0.031 V                             ; 6.58e-10 s                 ; 8.63e-10 s                 ; No                        ; Yes                       ;
; GPIO2[13]      ; 2.5 V        ; 0 s                 ; 0 s                 ; 2.32 V                       ; 1.95e-08 V                   ; 2.38 V              ; -0.00618 V          ; 0.236 V                              ; 0.052 V                              ; 6.89e-10 s                  ; 9.91e-10 s                  ; No                         ; Yes                        ; 2.32 V                      ; 1.95e-08 V                  ; 2.38 V             ; -0.00618 V         ; 0.236 V                             ; 0.052 V                             ; 6.89e-10 s                 ; 9.91e-10 s                 ; No                        ; Yes                       ;
; GPIO2[14]      ; 2.5 V        ; 0 s                 ; 0 s                 ; 2.32 V                       ; 1.95e-08 V                   ; 2.38 V              ; -0.00581 V          ; 0.181 V                              ; 0.03 V                               ; 6.58e-10 s                  ; 8.65e-10 s                  ; No                         ; Yes                        ; 2.32 V                      ; 1.95e-08 V                  ; 2.38 V             ; -0.00581 V         ; 0.181 V                             ; 0.03 V                              ; 6.58e-10 s                 ; 8.65e-10 s                 ; No                        ; Yes                       ;
; GPIO2[15]      ; 2.5 V        ; 0 s                 ; 0 s                 ; 2.32 V                       ; 1.95e-08 V                   ; 2.38 V              ; -0.0059 V           ; 0.18 V                               ; 0.031 V                              ; 6.58e-10 s                  ; 8.63e-10 s                  ; No                         ; Yes                        ; 2.32 V                      ; 1.95e-08 V                  ; 2.38 V             ; -0.0059 V          ; 0.18 V                              ; 0.031 V                             ; 6.58e-10 s                 ; 8.63e-10 s                 ; No                        ; Yes                       ;
; GPIO2[16]      ; 2.5 V        ; 0 s                 ; 0 s                 ; 2.32 V                       ; 1.95e-08 V                   ; 2.38 V              ; -0.00581 V          ; 0.181 V                              ; 0.03 V                               ; 6.58e-10 s                  ; 8.65e-10 s                  ; No                         ; Yes                        ; 2.32 V                      ; 1.95e-08 V                  ; 2.38 V             ; -0.00581 V         ; 0.181 V                             ; 0.03 V                              ; 6.58e-10 s                 ; 8.65e-10 s                 ; No                        ; Yes                       ;
; GPIO2[17]      ; 2.5 V        ; 0 s                 ; 0 s                 ; 2.32 V                       ; 1.95e-08 V                   ; 2.38 V              ; -0.00581 V          ; 0.181 V                              ; 0.03 V                               ; 6.58e-10 s                  ; 8.65e-10 s                  ; No                         ; Yes                        ; 2.32 V                      ; 1.95e-08 V                  ; 2.38 V             ; -0.00581 V         ; 0.181 V                             ; 0.03 V                              ; 6.58e-10 s                 ; 8.65e-10 s                 ; No                        ; Yes                       ;
; GPIO2[18]      ; 2.5 V        ; 0 s                 ; 0 s                 ; 2.32 V                       ; 1.95e-08 V                   ; 2.37 V              ; -0.00683 V          ; 0.235 V                              ; 0.051 V                              ; 6.88e-10 s                  ; 9.9e-10 s                   ; No                         ; Yes                        ; 2.32 V                      ; 1.95e-08 V                  ; 2.37 V             ; -0.00683 V         ; 0.235 V                             ; 0.051 V                             ; 6.88e-10 s                 ; 9.9e-10 s                  ; No                        ; Yes                       ;
; GPIO2[19]      ; 2.5 V        ; 0 s                 ; 0 s                 ; 2.32 V                       ; 1.95e-08 V                   ; 2.38 V              ; -0.00581 V          ; 0.181 V                              ; 0.03 V                               ; 6.58e-10 s                  ; 8.65e-10 s                  ; No                         ; Yes                        ; 2.32 V                      ; 1.95e-08 V                  ; 2.38 V             ; -0.00581 V         ; 0.181 V                             ; 0.03 V                              ; 6.58e-10 s                 ; 8.65e-10 s                 ; No                        ; Yes                       ;
; GPIO2[20]      ; 2.5 V        ; 0 s                 ; 0 s                 ; 2.32 V                       ; 1.95e-08 V                   ; 2.38 V              ; -0.0059 V           ; 0.18 V                               ; 0.031 V                              ; 6.58e-10 s                  ; 8.63e-10 s                  ; No                         ; Yes                        ; 2.32 V                      ; 1.95e-08 V                  ; 2.38 V             ; -0.0059 V          ; 0.18 V                              ; 0.031 V                             ; 6.58e-10 s                 ; 8.63e-10 s                 ; No                        ; Yes                       ;
; GPIO2[21]      ; 2.5 V        ; 0 s                 ; 0 s                 ; 2.32 V                       ; 1.95e-08 V                   ; 2.38 V              ; -0.00581 V          ; 0.181 V                              ; 0.03 V                               ; 6.58e-10 s                  ; 8.65e-10 s                  ; No                         ; Yes                        ; 2.32 V                      ; 1.95e-08 V                  ; 2.38 V             ; -0.00581 V         ; 0.181 V                             ; 0.03 V                              ; 6.58e-10 s                 ; 8.65e-10 s                 ; No                        ; Yes                       ;
; GPIO2[22]      ; 2.5 V        ; 0 s                 ; 0 s                 ; 2.32 V                       ; 1.95e-08 V                   ; 2.38 V              ; -0.00581 V          ; 0.181 V                              ; 0.03 V                               ; 6.58e-10 s                  ; 8.65e-10 s                  ; No                         ; Yes                        ; 2.32 V                      ; 1.95e-08 V                  ; 2.38 V             ; -0.00581 V         ; 0.181 V                             ; 0.03 V                              ; 6.58e-10 s                 ; 8.65e-10 s                 ; No                        ; Yes                       ;
; GPIO2[23]      ; 2.5 V        ; 0 s                 ; 0 s                 ; 2.32 V                       ; 1.95e-08 V                   ; 2.37 V              ; -0.00683 V          ; 0.235 V                              ; 0.051 V                              ; 6.88e-10 s                  ; 9.9e-10 s                   ; No                         ; Yes                        ; 2.32 V                      ; 1.95e-08 V                  ; 2.37 V             ; -0.00683 V         ; 0.235 V                             ; 0.051 V                             ; 6.88e-10 s                 ; 9.9e-10 s                  ; No                        ; Yes                       ;
; GPIO2[24]      ; 2.5 V        ; 0 s                 ; 0 s                 ; 2.32 V                       ; 1.95e-08 V                   ; 2.38 V              ; -0.00618 V          ; 0.236 V                              ; 0.052 V                              ; 6.89e-10 s                  ; 9.91e-10 s                  ; No                         ; Yes                        ; 2.32 V                      ; 1.95e-08 V                  ; 2.38 V             ; -0.00618 V         ; 0.236 V                             ; 0.052 V                             ; 6.89e-10 s                 ; 9.91e-10 s                 ; No                        ; Yes                       ;
; GPIO2[25]      ; 2.5 V        ; 0 s                 ; 0 s                 ; 2.32 V                       ; 1.95e-08 V                   ; 2.38 V              ; -0.00581 V          ; 0.181 V                              ; 0.03 V                               ; 6.58e-10 s                  ; 8.65e-10 s                  ; No                         ; Yes                        ; 2.32 V                      ; 1.95e-08 V                  ; 2.38 V             ; -0.00581 V         ; 0.181 V                             ; 0.03 V                              ; 6.58e-10 s                 ; 8.65e-10 s                 ; No                        ; Yes                       ;
; GPIO2[26]      ; 2.5 V        ; 0 s                 ; 0 s                 ; 2.32 V                       ; 1.95e-08 V                   ; 2.38 V              ; -0.0059 V           ; 0.18 V                               ; 0.031 V                              ; 6.58e-10 s                  ; 8.63e-10 s                  ; No                         ; Yes                        ; 2.32 V                      ; 1.95e-08 V                  ; 2.38 V             ; -0.0059 V          ; 0.18 V                              ; 0.031 V                             ; 6.58e-10 s                 ; 8.63e-10 s                 ; No                        ; Yes                       ;
; GPIO2[27]      ; 2.5 V        ; 0 s                 ; 0 s                 ; 2.32 V                       ; 1.95e-08 V                   ; 2.38 V              ; -0.00581 V          ; 0.181 V                              ; 0.03 V                               ; 6.58e-10 s                  ; 8.65e-10 s                  ; No                         ; Yes                        ; 2.32 V                      ; 1.95e-08 V                  ; 2.38 V             ; -0.00581 V         ; 0.181 V                             ; 0.03 V                              ; 6.58e-10 s                 ; 8.65e-10 s                 ; No                        ; Yes                       ;
; GPIO2[28]      ; 2.5 V        ; 0 s                 ; 0 s                 ; 2.32 V                       ; 1.95e-08 V                   ; 2.38 V              ; -0.0059 V           ; 0.18 V                               ; 0.031 V                              ; 6.58e-10 s                  ; 8.63e-10 s                  ; No                         ; Yes                        ; 2.32 V                      ; 1.95e-08 V                  ; 2.38 V             ; -0.0059 V          ; 0.18 V                              ; 0.031 V                             ; 6.58e-10 s                 ; 8.63e-10 s                 ; No                        ; Yes                       ;
; GPIO2[29]      ; 2.5 V        ; 0 s                 ; 0 s                 ; 2.32 V                       ; 1.95e-08 V                   ; 2.38 V              ; -0.00581 V          ; 0.181 V                              ; 0.03 V                               ; 6.58e-10 s                  ; 8.65e-10 s                  ; No                         ; Yes                        ; 2.32 V                      ; 1.95e-08 V                  ; 2.38 V             ; -0.00581 V         ; 0.181 V                             ; 0.03 V                              ; 6.58e-10 s                 ; 8.65e-10 s                 ; No                        ; Yes                       ;
; GPIO2[30]      ; 2.5 V        ; 0 s                 ; 0 s                 ; 2.32 V                       ; 1.95e-08 V                   ; 2.38 V              ; -0.00581 V          ; 0.181 V                              ; 0.03 V                               ; 6.58e-10 s                  ; 8.65e-10 s                  ; No                         ; Yes                        ; 2.32 V                      ; 1.95e-08 V                  ; 2.38 V             ; -0.00581 V         ; 0.181 V                             ; 0.03 V                              ; 6.58e-10 s                 ; 8.65e-10 s                 ; No                        ; Yes                       ;
; GPIO2[31]      ; 2.5 V        ; 0 s                 ; 0 s                 ; 2.32 V                       ; 1.95e-08 V                   ; 2.38 V              ; -0.0059 V           ; 0.18 V                               ; 0.031 V                              ; 6.58e-10 s                  ; 8.63e-10 s                  ; No                         ; Yes                        ; 2.32 V                      ; 1.95e-08 V                  ; 2.38 V             ; -0.0059 V          ; 0.18 V                              ; 0.031 V                             ; 6.58e-10 s                 ; 8.63e-10 s                 ; No                        ; Yes                       ;
; I2C0_SCL       ; 2.5 V        ; 0 s                 ; 0 s                 ; 2.32 V                       ; 1.95e-08 V                   ; 2.38 V              ; -0.0059 V           ; 0.18 V                               ; 0.031 V                              ; 6.58e-10 s                  ; 8.63e-10 s                  ; No                         ; Yes                        ; 2.32 V                      ; 1.95e-08 V                  ; 2.38 V             ; -0.0059 V          ; 0.18 V                              ; 0.031 V                             ; 6.58e-10 s                 ; 8.63e-10 s                 ; No                        ; Yes                       ;
; I2C0_SDA       ; 2.5 V        ; 0 s                 ; 0 s                 ; 2.32 V                       ; 1.95e-08 V                   ; 2.38 V              ; -0.00618 V          ; 0.236 V                              ; 0.052 V                              ; 6.89e-10 s                  ; 9.91e-10 s                  ; No                         ; Yes                        ; 2.32 V                      ; 1.95e-08 V                  ; 2.38 V             ; -0.00618 V         ; 0.236 V                             ; 0.052 V                             ; 6.89e-10 s                 ; 9.91e-10 s                 ; No                        ; Yes                       ;
; I2C1_SCL       ; 2.5 V        ; 0 s                 ; 0 s                 ; 2.32 V                       ; 1.95e-08 V                   ; 2.38 V              ; -0.0059 V           ; 0.18 V                               ; 0.031 V                              ; 6.58e-10 s                  ; 8.63e-10 s                  ; No                         ; Yes                        ; 2.32 V                      ; 1.95e-08 V                  ; 2.38 V             ; -0.0059 V          ; 0.18 V                              ; 0.031 V                             ; 6.58e-10 s                 ; 8.63e-10 s                 ; No                        ; Yes                       ;
; I2C1_SDA       ; 2.5 V        ; 0 s                 ; 0 s                 ; 2.32 V                       ; 1.95e-08 V                   ; 2.38 V              ; -0.00581 V          ; 0.181 V                              ; 0.03 V                               ; 6.58e-10 s                  ; 8.65e-10 s                  ; No                         ; Yes                        ; 2.32 V                      ; 1.95e-08 V                  ; 2.38 V             ; -0.00581 V         ; 0.181 V                             ; 0.03 V                              ; 6.58e-10 s                 ; 8.65e-10 s                 ; No                        ; Yes                       ;
; SDRAM_DQ[0]    ; 2.5 V        ; 0 s                 ; 0 s                 ; 2.32 V                       ; 1.95e-08 V                   ; 2.38 V              ; -0.00581 V          ; 0.181 V                              ; 0.03 V                               ; 6.58e-10 s                  ; 8.65e-10 s                  ; No                         ; Yes                        ; 2.32 V                      ; 1.95e-08 V                  ; 2.38 V             ; -0.00581 V         ; 0.181 V                             ; 0.03 V                              ; 6.58e-10 s                 ; 8.65e-10 s                 ; No                        ; Yes                       ;
; SDRAM_DQ[1]    ; 2.5 V        ; 0 s                 ; 0 s                 ; 2.32 V                       ; 1.95e-08 V                   ; 2.38 V              ; -0.0059 V           ; 0.18 V                               ; 0.031 V                              ; 6.58e-10 s                  ; 8.63e-10 s                  ; No                         ; Yes                        ; 2.32 V                      ; 1.95e-08 V                  ; 2.38 V             ; -0.0059 V          ; 0.18 V                              ; 0.031 V                             ; 6.58e-10 s                 ; 8.63e-10 s                 ; No                        ; Yes                       ;
; SDRAM_DQ[2]    ; 2.5 V        ; 0 s                 ; 0 s                 ; 2.32 V                       ; 1.95e-08 V                   ; 2.38 V              ; -0.00581 V          ; 0.181 V                              ; 0.03 V                               ; 6.58e-10 s                  ; 8.65e-10 s                  ; No                         ; Yes                        ; 2.32 V                      ; 1.95e-08 V                  ; 2.38 V             ; -0.00581 V         ; 0.181 V                             ; 0.03 V                              ; 6.58e-10 s                 ; 8.65e-10 s                 ; No                        ; Yes                       ;
; SDRAM_DQ[3]    ; 2.5 V        ; 0 s                 ; 0 s                 ; 2.32 V                       ; 1.95e-08 V                   ; 2.38 V              ; -0.0059 V           ; 0.18 V                               ; 0.031 V                              ; 6.58e-10 s                  ; 8.63e-10 s                  ; No                         ; Yes                        ; 2.32 V                      ; 1.95e-08 V                  ; 2.38 V             ; -0.0059 V          ; 0.18 V                              ; 0.031 V                             ; 6.58e-10 s                 ; 8.63e-10 s                 ; No                        ; Yes                       ;
; SDRAM_DQ[4]    ; 2.5 V        ; 0 s                 ; 0 s                 ; 2.32 V                       ; 1.95e-08 V                   ; 2.38 V              ; -0.0059 V           ; 0.18 V                               ; 0.031 V                              ; 6.58e-10 s                  ; 8.63e-10 s                  ; No                         ; Yes                        ; 2.32 V                      ; 1.95e-08 V                  ; 2.38 V             ; -0.0059 V          ; 0.18 V                              ; 0.031 V                             ; 6.58e-10 s                 ; 8.63e-10 s                 ; No                        ; Yes                       ;
; SDRAM_DQ[5]    ; 2.5 V        ; 0 s                 ; 0 s                 ; 2.32 V                       ; 1.95e-08 V                   ; 2.38 V              ; -0.00581 V          ; 0.181 V                              ; 0.03 V                               ; 6.58e-10 s                  ; 8.65e-10 s                  ; No                         ; Yes                        ; 2.32 V                      ; 1.95e-08 V                  ; 2.38 V             ; -0.00581 V         ; 0.181 V                             ; 0.03 V                              ; 6.58e-10 s                 ; 8.65e-10 s                 ; No                        ; Yes                       ;
; SDRAM_DQ[6]    ; 2.5 V        ; 0 s                 ; 0 s                 ; 2.32 V                       ; 1.95e-08 V                   ; 2.38 V              ; -0.00581 V          ; 0.181 V                              ; 0.03 V                               ; 6.58e-10 s                  ; 8.65e-10 s                  ; No                         ; Yes                        ; 2.32 V                      ; 1.95e-08 V                  ; 2.38 V             ; -0.00581 V         ; 0.181 V                             ; 0.03 V                              ; 6.58e-10 s                 ; 8.65e-10 s                 ; No                        ; Yes                       ;
; SDRAM_DQ[7]    ; 2.5 V        ; 0 s                 ; 0 s                 ; 2.32 V                       ; 1.95e-08 V                   ; 2.38 V              ; -0.0059 V           ; 0.18 V                               ; 0.031 V                              ; 6.58e-10 s                  ; 8.63e-10 s                  ; No                         ; Yes                        ; 2.32 V                      ; 1.95e-08 V                  ; 2.38 V             ; -0.0059 V          ; 0.18 V                              ; 0.031 V                             ; 6.58e-10 s                 ; 8.63e-10 s                 ; No                        ; Yes                       ;
; SDRAM_DQ[8]    ; 2.5 V        ; 0 s                 ; 0 s                 ; 2.32 V                       ; 1.95e-08 V                   ; 2.38 V              ; -0.0059 V           ; 0.18 V                               ; 0.031 V                              ; 6.58e-10 s                  ; 8.63e-10 s                  ; No                         ; Yes                        ; 2.32 V                      ; 1.95e-08 V                  ; 2.38 V             ; -0.0059 V          ; 0.18 V                              ; 0.031 V                             ; 6.58e-10 s                 ; 8.63e-10 s                 ; No                        ; Yes                       ;
; SDRAM_DQ[9]    ; 2.5 V        ; 0 s                 ; 0 s                 ; 2.32 V                       ; 1.95e-08 V                   ; 2.38 V              ; -0.0059 V           ; 0.18 V                               ; 0.031 V                              ; 6.58e-10 s                  ; 8.63e-10 s                  ; No                         ; Yes                        ; 2.32 V                      ; 1.95e-08 V                  ; 2.38 V             ; -0.0059 V          ; 0.18 V                              ; 0.031 V                             ; 6.58e-10 s                 ; 8.63e-10 s                 ; No                        ; Yes                       ;
; SDRAM_DQ[10]   ; 2.5 V        ; 0 s                 ; 0 s                 ; 2.32 V                       ; 1.95e-08 V                   ; 2.38 V              ; -0.00581 V          ; 0.181 V                              ; 0.03 V                               ; 6.58e-10 s                  ; 8.65e-10 s                  ; No                         ; Yes                        ; 2.32 V                      ; 1.95e-08 V                  ; 2.38 V             ; -0.00581 V         ; 0.181 V                             ; 0.03 V                              ; 6.58e-10 s                 ; 8.65e-10 s                 ; No                        ; Yes                       ;
; SDRAM_DQ[11]   ; 2.5 V        ; 0 s                 ; 0 s                 ; 2.32 V                       ; 1.95e-08 V                   ; 2.38 V              ; -0.0059 V           ; 0.18 V                               ; 0.031 V                              ; 6.58e-10 s                  ; 8.63e-10 s                  ; No                         ; Yes                        ; 2.32 V                      ; 1.95e-08 V                  ; 2.38 V             ; -0.0059 V          ; 0.18 V                              ; 0.031 V                             ; 6.58e-10 s                 ; 8.63e-10 s                 ; No                        ; Yes                       ;
; SDRAM_DQ[12]   ; 2.5 V        ; 0 s                 ; 0 s                 ; 2.32 V                       ; 1.95e-08 V                   ; 2.38 V              ; -0.0059 V           ; 0.18 V                               ; 0.031 V                              ; 6.58e-10 s                  ; 8.63e-10 s                  ; No                         ; Yes                        ; 2.32 V                      ; 1.95e-08 V                  ; 2.38 V             ; -0.0059 V          ; 0.18 V                              ; 0.031 V                             ; 6.58e-10 s                 ; 8.63e-10 s                 ; No                        ; Yes                       ;
; SDRAM_DQ[13]   ; 2.5 V        ; 0 s                 ; 0 s                 ; 2.32 V                       ; 1.95e-08 V                   ; 2.38 V              ; -0.0059 V           ; 0.18 V                               ; 0.031 V                              ; 6.58e-10 s                  ; 8.63e-10 s                  ; No                         ; Yes                        ; 2.32 V                      ; 1.95e-08 V                  ; 2.38 V             ; -0.0059 V          ; 0.18 V                              ; 0.031 V                             ; 6.58e-10 s                 ; 8.63e-10 s                 ; No                        ; Yes                       ;
; SDRAM_DQ[14]   ; 2.5 V        ; 0 s                 ; 0 s                 ; 2.32 V                       ; 1.95e-08 V                   ; 2.38 V              ; -0.00581 V          ; 0.181 V                              ; 0.03 V                               ; 6.58e-10 s                  ; 8.65e-10 s                  ; No                         ; Yes                        ; 2.32 V                      ; 1.95e-08 V                  ; 2.38 V             ; -0.00581 V         ; 0.181 V                             ; 0.03 V                              ; 6.58e-10 s                 ; 8.65e-10 s                 ; No                        ; Yes                       ;
; SDRAM_DQ[15]   ; 2.5 V        ; 0 s                 ; 0 s                 ; 2.32 V                       ; 1.95e-08 V                   ; 2.38 V              ; -0.00581 V          ; 0.181 V                              ; 0.03 V                               ; 6.58e-10 s                  ; 8.65e-10 s                  ; No                         ; Yes                        ; 2.32 V                      ; 1.95e-08 V                  ; 2.38 V             ; -0.00581 V         ; 0.181 V                             ; 0.03 V                              ; 6.58e-10 s                 ; 8.65e-10 s                 ; No                        ; Yes                       ;
; ~ALTERA_TDO~   ; 2.5 V        ; 0 s                 ; 0 s                 ; 2.32 V                       ; 1.39e-08 V                   ; 2.39 V              ; -0.0409 V           ; 0.21 V                               ; 0.121 V                              ; 4.7e-10 s                   ; 5.93e-10 s                  ; No                         ; Yes                        ; 2.32 V                      ; 1.39e-08 V                  ; 2.39 V             ; -0.0409 V          ; 0.21 V                              ; 0.121 V                             ; 4.7e-10 s                  ; 5.93e-10 s                 ; No                        ; Yes                       ;
+----------------+--------------+---------------------+---------------------+------------------------------+------------------------------+---------------------+---------------------+--------------------------------------+--------------------------------------+-----------------------------+-----------------------------+----------------------------+----------------------------+-----------------------------+-----------------------------+--------------------+--------------------+-------------------------------------+-------------------------------------+----------------------------+----------------------------+---------------------------+---------------------------+


+---------------------------------------------------------------------------------------------------------------------------------------------------------------------------------------------------------------------------------------------------------------------------------------------------------------------------------------------------------------------------------------------------------------------------------------------------------------------------------------------------------------------------------------------------------------------------------------------------------------------------------------------------------------------------------------------+
; Signal Integrity Metrics (Slow 1200mv 85c Model)                                                                                                                                                                                                                                                                                                                                                                                                                                                                                                                                                                                                                                            ;
+----------------+--------------+---------------------+---------------------+------------------------------+------------------------------+---------------------+---------------------+--------------------------------------+--------------------------------------+-----------------------------+-----------------------------+----------------------------+----------------------------+-----------------------------+-----------------------------+--------------------+--------------------+-------------------------------------+-------------------------------------+----------------------------+----------------------------+---------------------------+---------------------------+
; Pin            ; I/O Standard ; Board Delay on Rise ; Board Delay on Fall ; Steady State Voh at FPGA Pin ; Steady State Vol at FPGA Pin ; Voh Max at FPGA Pin ; Vol Min at FPGA Pin ; Ringback Voltage on Rise at FPGA Pin ; Ringback Voltage on Fall at FPGA Pin ; 10-90 Rise Time at FPGA Pin ; 90-10 Fall Time at FPGA Pin ; Monotonic Rise at FPGA Pin ; Monotonic Fall at FPGA Pin ; Steady State Voh at Far-end ; Steady State Vol at Far-end ; Voh Max at Far-end ; Vol Min at Far-end ; Ringback Voltage on Rise at Far-end ; Ringback Voltage on Fall at Far-end ; 10-90 Rise Time at Far-end ; 90-10 Fall Time at Far-end ; Monotonic Rise at Far-end ; Monotonic Fall at Far-end ;
+----------------+--------------+---------------------+---------------------+------------------------------+------------------------------+---------------------+---------------------+--------------------------------------+--------------------------------------+-----------------------------+-----------------------------+----------------------------+----------------------------+-----------------------------+-----------------------------+--------------------+--------------------+-------------------------------------+-------------------------------------+----------------------------+----------------------------+---------------------------+---------------------------+
; STBY_ACK_N     ; 2.5 V        ; 0 s                 ; 0 s                 ; 2.32 V                       ; 2.76e-06 V                   ; 2.36 V              ; -0.00279 V          ; 0.143 V                              ; 0.015 V                              ; 8.42e-10 s                  ; 1.06e-09 s                  ; No                         ; Yes                        ; 2.32 V                      ; 2.76e-06 V                  ; 2.36 V             ; -0.00279 V         ; 0.143 V                             ; 0.015 V                             ; 8.42e-10 s                 ; 1.06e-09 s                 ; No                        ; Yes                       ;
; RESOUT_N       ; 2.5 V        ; 0 s                 ; 0 s                 ; 2.32 V                       ; 2.76e-06 V                   ; 2.36 V              ; -0.00279 V          ; 0.143 V                              ; 0.015 V                              ; 8.42e-10 s                  ; 1.06e-09 s                  ; No                         ; Yes                        ; 2.32 V                      ; 2.76e-06 V                  ; 2.36 V             ; -0.00279 V         ; 0.143 V                             ; 0.015 V                             ; 8.42e-10 s                 ; 1.06e-09 s                 ; No                        ; Yes                       ;
; TDO            ; 2.5 V        ; 0 s                 ; 0 s                 ; 2.32 V                       ; 2.76e-06 V                   ; 2.36 V              ; -0.00222 V          ; 0.143 V                              ; 0.015 V                              ; 8.41e-10 s                  ; 1.06e-09 s                  ; No                         ; Yes                        ; 2.32 V                      ; 2.76e-06 V                  ; 2.36 V             ; -0.00222 V         ; 0.143 V                             ; 0.015 V                             ; 8.41e-10 s                 ; 1.06e-09 s                 ; No                        ; Yes                       ;
; TCKC_pri       ; 2.5 V        ; 0 s                 ; 0 s                 ; 2.32 V                       ; 2.76e-06 V                   ; 2.36 V              ; -0.00279 V          ; 0.143 V                              ; 0.015 V                              ; 8.42e-10 s                  ; 1.06e-09 s                  ; No                         ; Yes                        ; 2.32 V                      ; 2.76e-06 V                  ; 2.36 V             ; -0.00279 V         ; 0.143 V                             ; 0.015 V                             ; 8.42e-10 s                 ; 1.06e-09 s                 ; No                        ; Yes                       ;
; TMSC_PUP_rep   ; 2.5 V        ; 0 s                 ; 0 s                 ; 2.32 V                       ; 1.16e-06 V                   ; 2.37 V              ; -0.0508 V           ; 0.153 V                              ; 0.187 V                              ; 4.63e-10 s                  ; 4.49e-10 s                  ; Yes                        ; Yes                        ; 2.32 V                      ; 1.16e-06 V                  ; 2.37 V             ; -0.0508 V          ; 0.153 V                             ; 0.187 V                             ; 4.63e-10 s                 ; 4.49e-10 s                 ; Yes                       ; Yes                       ;
; TMSC_PDN_rep   ; 2.5 V        ; 0 s                 ; 0 s                 ; 2.32 V                       ; 1.16e-06 V                   ; 2.37 V              ; -0.049 V            ; 0.154 V                              ; 0.186 V                              ; 4.63e-10 s                  ; 4.5e-10 s                   ; Yes                        ; Yes                        ; 2.32 V                      ; 1.16e-06 V                  ; 2.37 V             ; -0.049 V           ; 0.154 V                             ; 0.186 V                             ; 4.63e-10 s                 ; 4.5e-10 s                  ; Yes                       ; Yes                       ;
; TXD            ; 2.5 V        ; 0 s                 ; 0 s                 ; 2.32 V                       ; 2.76e-06 V                   ; 2.35 V              ; -0.00325 V          ; 0.194 V                              ; 0.03 V                               ; 8.84e-10 s                  ; 1.2e-09 s                   ; No                         ; Yes                        ; 2.32 V                      ; 2.76e-06 V                  ; 2.35 V             ; -0.00325 V         ; 0.194 V                             ; 0.03 V                              ; 8.84e-10 s                 ; 1.2e-09 s                  ; No                        ; Yes                       ;
; I2C0_ENA       ; 2.5 V        ; 0 s                 ; 0 s                 ; 2.32 V                       ; 2.76e-06 V                   ; 2.36 V              ; -0.00222 V          ; 0.143 V                              ; 0.015 V                              ; 8.41e-10 s                  ; 1.06e-09 s                  ; No                         ; Yes                        ; 2.32 V                      ; 2.76e-06 V                  ; 2.36 V             ; -0.00222 V         ; 0.143 V                             ; 0.015 V                             ; 8.41e-10 s                 ; 1.06e-09 s                 ; No                        ; Yes                       ;
; I2C0_ADR       ; 2.5 V        ; 0 s                 ; 0 s                 ; 2.32 V                       ; 2.76e-06 V                   ; 2.35 V              ; -0.00325 V          ; 0.194 V                              ; 0.03 V                               ; 8.84e-10 s                  ; 1.2e-09 s                   ; No                         ; Yes                        ; 2.32 V                      ; 2.76e-06 V                  ; 2.35 V             ; -0.00325 V         ; 0.194 V                             ; 0.03 V                              ; 8.84e-10 s                 ; 1.2e-09 s                  ; No                        ; Yes                       ;
; SPI_CSN[0]     ; 2.5 V        ; 0 s                 ; 0 s                 ; 2.32 V                       ; 2.76e-06 V                   ; 2.36 V              ; -0.00222 V          ; 0.143 V                              ; 0.015 V                              ; 8.41e-10 s                  ; 1.06e-09 s                  ; No                         ; Yes                        ; 2.32 V                      ; 2.76e-06 V                  ; 2.36 V             ; -0.00222 V         ; 0.143 V                             ; 0.015 V                             ; 8.41e-10 s                 ; 1.06e-09 s                 ; No                        ; Yes                       ;
; SPI_CSN[1]     ; 2.5 V        ; 0 s                 ; 0 s                 ; 2.32 V                       ; 2.76e-06 V                   ; 2.36 V              ; -0.00306 V          ; 0.194 V                              ; 0.031 V                              ; 8.84e-10 s                  ; 1.2e-09 s                   ; No                         ; Yes                        ; 2.32 V                      ; 2.76e-06 V                  ; 2.36 V             ; -0.00306 V         ; 0.194 V                             ; 0.031 V                             ; 8.84e-10 s                 ; 1.2e-09 s                  ; No                        ; Yes                       ;
; SPI_CSN[2]     ; 2.5 V        ; 0 s                 ; 0 s                 ; 2.32 V                       ; 2.76e-06 V                   ; 2.36 V              ; -0.00222 V          ; 0.143 V                              ; 0.015 V                              ; 8.41e-10 s                  ; 1.06e-09 s                  ; No                         ; Yes                        ; 2.32 V                      ; 2.76e-06 V                  ; 2.36 V             ; -0.00222 V         ; 0.143 V                             ; 0.015 V                             ; 8.41e-10 s                 ; 1.06e-09 s                 ; No                        ; Yes                       ;
; SPI_CSN[3]     ; 2.5 V        ; 0 s                 ; 0 s                 ; 2.32 V                       ; 2.76e-06 V                   ; 2.36 V              ; -0.00279 V          ; 0.143 V                              ; 0.015 V                              ; 8.42e-10 s                  ; 1.06e-09 s                  ; No                         ; Yes                        ; 2.32 V                      ; 2.76e-06 V                  ; 2.36 V             ; -0.00279 V         ; 0.143 V                             ; 0.015 V                             ; 8.42e-10 s                 ; 1.06e-09 s                 ; No                        ; Yes                       ;
; SPI_SCK        ; 2.5 V        ; 0 s                 ; 0 s                 ; 2.32 V                       ; 2.76e-06 V                   ; 2.36 V              ; -0.00279 V          ; 0.143 V                              ; 0.015 V                              ; 8.42e-10 s                  ; 1.06e-09 s                  ; No                         ; Yes                        ; 2.32 V                      ; 2.76e-06 V                  ; 2.36 V             ; -0.00279 V         ; 0.143 V                             ; 0.015 V                             ; 8.42e-10 s                 ; 1.06e-09 s                 ; No                        ; Yes                       ;
; SPI_MOSI       ; 2.5 V        ; 0 s                 ; 0 s                 ; 2.32 V                       ; 2.76e-06 V                   ; 2.36 V              ; -0.00222 V          ; 0.143 V                              ; 0.015 V                              ; 8.41e-10 s                  ; 1.06e-09 s                  ; No                         ; Yes                        ; 2.32 V                      ; 2.76e-06 V                  ; 2.36 V             ; -0.00222 V         ; 0.143 V                             ; 0.015 V                             ; 8.41e-10 s                 ; 1.06e-09 s                 ; No                        ; Yes                       ;
; SDRAM_CLK      ; 2.5 V        ; 0 s                 ; 0 s                 ; 2.32 V                       ; 2.76e-06 V                   ; 2.36 V              ; -0.00279 V          ; 0.143 V                              ; 0.015 V                              ; 8.42e-10 s                  ; 1.06e-09 s                  ; No                         ; Yes                        ; 2.32 V                      ; 2.76e-06 V                  ; 2.36 V             ; -0.00279 V         ; 0.143 V                             ; 0.015 V                             ; 8.42e-10 s                 ; 1.06e-09 s                 ; No                        ; Yes                       ;
; SDRAM_CKE      ; 2.5 V        ; 0 s                 ; 0 s                 ; 2.32 V                       ; 2.76e-06 V                   ; 2.36 V              ; -0.00222 V          ; 0.143 V                              ; 0.015 V                              ; 8.41e-10 s                  ; 1.06e-09 s                  ; No                         ; Yes                        ; 2.32 V                      ; 2.76e-06 V                  ; 2.36 V             ; -0.00222 V         ; 0.143 V                             ; 0.015 V                             ; 8.41e-10 s                 ; 1.06e-09 s                 ; No                        ; Yes                       ;
; SDRAM_CSn      ; 2.5 V        ; 0 s                 ; 0 s                 ; 2.32 V                       ; 2.76e-06 V                   ; 2.36 V              ; -0.00222 V          ; 0.143 V                              ; 0.015 V                              ; 8.41e-10 s                  ; 1.06e-09 s                  ; No                         ; Yes                        ; 2.32 V                      ; 2.76e-06 V                  ; 2.36 V             ; -0.00222 V         ; 0.143 V                             ; 0.015 V                             ; 8.41e-10 s                 ; 1.06e-09 s                 ; No                        ; Yes                       ;
; SDRAM_DQM[0]   ; 2.5 V        ; 0 s                 ; 0 s                 ; 2.32 V                       ; 2.76e-06 V                   ; 2.36 V              ; -0.00222 V          ; 0.143 V                              ; 0.015 V                              ; 8.41e-10 s                  ; 1.06e-09 s                  ; No                         ; Yes                        ; 2.32 V                      ; 2.76e-06 V                  ; 2.36 V             ; -0.00222 V         ; 0.143 V                             ; 0.015 V                             ; 8.41e-10 s                 ; 1.06e-09 s                 ; No                        ; Yes                       ;
; SDRAM_DQM[1]   ; 2.5 V        ; 0 s                 ; 0 s                 ; 2.32 V                       ; 2.76e-06 V                   ; 2.36 V              ; -0.00222 V          ; 0.143 V                              ; 0.015 V                              ; 8.41e-10 s                  ; 1.06e-09 s                  ; No                         ; Yes                        ; 2.32 V                      ; 2.76e-06 V                  ; 2.36 V             ; -0.00222 V         ; 0.143 V                             ; 0.015 V                             ; 8.41e-10 s                 ; 1.06e-09 s                 ; No                        ; Yes                       ;
; SDRAM_RASn     ; 2.5 V        ; 0 s                 ; 0 s                 ; 2.32 V                       ; 2.76e-06 V                   ; 2.36 V              ; -0.00222 V          ; 0.143 V                              ; 0.015 V                              ; 8.41e-10 s                  ; 1.06e-09 s                  ; No                         ; Yes                        ; 2.32 V                      ; 2.76e-06 V                  ; 2.36 V             ; -0.00222 V         ; 0.143 V                             ; 0.015 V                             ; 8.41e-10 s                 ; 1.06e-09 s                 ; No                        ; Yes                       ;
; SDRAM_CASn     ; 2.5 V        ; 0 s                 ; 0 s                 ; 2.32 V                       ; 2.76e-06 V                   ; 2.36 V              ; -0.00279 V          ; 0.143 V                              ; 0.015 V                              ; 8.42e-10 s                  ; 1.06e-09 s                  ; No                         ; Yes                        ; 2.32 V                      ; 2.76e-06 V                  ; 2.36 V             ; -0.00279 V         ; 0.143 V                             ; 0.015 V                             ; 8.42e-10 s                 ; 1.06e-09 s                 ; No                        ; Yes                       ;
; SDRAM_WEn      ; 2.5 V        ; 0 s                 ; 0 s                 ; 2.32 V                       ; 2.76e-06 V                   ; 2.36 V              ; -0.00279 V          ; 0.143 V                              ; 0.015 V                              ; 8.42e-10 s                  ; 1.06e-09 s                  ; No                         ; Yes                        ; 2.32 V                      ; 2.76e-06 V                  ; 2.36 V             ; -0.00279 V         ; 0.143 V                             ; 0.015 V                             ; 8.42e-10 s                 ; 1.06e-09 s                 ; No                        ; Yes                       ;
; SDRAM_BA[0]    ; 2.5 V        ; 0 s                 ; 0 s                 ; 2.32 V                       ; 2.76e-06 V                   ; 2.36 V              ; -0.00279 V          ; 0.143 V                              ; 0.015 V                              ; 8.42e-10 s                  ; 1.06e-09 s                  ; No                         ; Yes                        ; 2.32 V                      ; 2.76e-06 V                  ; 2.36 V             ; -0.00279 V         ; 0.143 V                             ; 0.015 V                             ; 8.42e-10 s                 ; 1.06e-09 s                 ; No                        ; Yes                       ;
; SDRAM_BA[1]    ; 2.5 V        ; 0 s                 ; 0 s                 ; 2.32 V                       ; 2.76e-06 V                   ; 2.36 V              ; -0.00222 V          ; 0.143 V                              ; 0.015 V                              ; 8.41e-10 s                  ; 1.06e-09 s                  ; No                         ; Yes                        ; 2.32 V                      ; 2.76e-06 V                  ; 2.36 V             ; -0.00222 V         ; 0.143 V                             ; 0.015 V                             ; 8.41e-10 s                 ; 1.06e-09 s                 ; No                        ; Yes                       ;
; SDRAM_ADDR[0]  ; 2.5 V        ; 0 s                 ; 0 s                 ; 2.32 V                       ; 2.76e-06 V                   ; 2.36 V              ; -0.00222 V          ; 0.143 V                              ; 0.015 V                              ; 8.41e-10 s                  ; 1.06e-09 s                  ; No                         ; Yes                        ; 2.32 V                      ; 2.76e-06 V                  ; 2.36 V             ; -0.00222 V         ; 0.143 V                             ; 0.015 V                             ; 8.41e-10 s                 ; 1.06e-09 s                 ; No                        ; Yes                       ;
; SDRAM_ADDR[1]  ; 2.5 V        ; 0 s                 ; 0 s                 ; 2.32 V                       ; 2.76e-06 V                   ; 2.36 V              ; -0.00279 V          ; 0.143 V                              ; 0.015 V                              ; 8.42e-10 s                  ; 1.06e-09 s                  ; No                         ; Yes                        ; 2.32 V                      ; 2.76e-06 V                  ; 2.36 V             ; -0.00279 V         ; 0.143 V                             ; 0.015 V                             ; 8.42e-10 s                 ; 1.06e-09 s                 ; No                        ; Yes                       ;
; SDRAM_ADDR[2]  ; 2.5 V        ; 0 s                 ; 0 s                 ; 2.32 V                       ; 2.76e-06 V                   ; 2.36 V              ; -0.00279 V          ; 0.143 V                              ; 0.015 V                              ; 8.42e-10 s                  ; 1.06e-09 s                  ; No                         ; Yes                        ; 2.32 V                      ; 2.76e-06 V                  ; 2.36 V             ; -0.00279 V         ; 0.143 V                             ; 0.015 V                             ; 8.42e-10 s                 ; 1.06e-09 s                 ; No                        ; Yes                       ;
; SDRAM_ADDR[3]  ; 2.5 V        ; 0 s                 ; 0 s                 ; 2.32 V                       ; 2.76e-06 V                   ; 2.36 V              ; -0.00279 V          ; 0.143 V                              ; 0.015 V                              ; 8.42e-10 s                  ; 1.06e-09 s                  ; No                         ; Yes                        ; 2.32 V                      ; 2.76e-06 V                  ; 2.36 V             ; -0.00279 V         ; 0.143 V                             ; 0.015 V                             ; 8.42e-10 s                 ; 1.06e-09 s                 ; No                        ; Yes                       ;
; SDRAM_ADDR[4]  ; 2.5 V        ; 0 s                 ; 0 s                 ; 2.32 V                       ; 2.76e-06 V                   ; 2.36 V              ; -0.00222 V          ; 0.143 V                              ; 0.015 V                              ; 8.41e-10 s                  ; 1.06e-09 s                  ; No                         ; Yes                        ; 2.32 V                      ; 2.76e-06 V                  ; 2.36 V             ; -0.00222 V         ; 0.143 V                             ; 0.015 V                             ; 8.41e-10 s                 ; 1.06e-09 s                 ; No                        ; Yes                       ;
; SDRAM_ADDR[5]  ; 2.5 V        ; 0 s                 ; 0 s                 ; 2.32 V                       ; 2.76e-06 V                   ; 2.36 V              ; -0.00222 V          ; 0.143 V                              ; 0.015 V                              ; 8.41e-10 s                  ; 1.06e-09 s                  ; No                         ; Yes                        ; 2.32 V                      ; 2.76e-06 V                  ; 2.36 V             ; -0.00222 V         ; 0.143 V                             ; 0.015 V                             ; 8.41e-10 s                 ; 1.06e-09 s                 ; No                        ; Yes                       ;
; SDRAM_ADDR[6]  ; 2.5 V        ; 0 s                 ; 0 s                 ; 2.32 V                       ; 2.76e-06 V                   ; 2.36 V              ; -0.00279 V          ; 0.143 V                              ; 0.015 V                              ; 8.42e-10 s                  ; 1.06e-09 s                  ; No                         ; Yes                        ; 2.32 V                      ; 2.76e-06 V                  ; 2.36 V             ; -0.00279 V         ; 0.143 V                             ; 0.015 V                             ; 8.42e-10 s                 ; 1.06e-09 s                 ; No                        ; Yes                       ;
; SDRAM_ADDR[7]  ; 2.5 V        ; 0 s                 ; 0 s                 ; 2.32 V                       ; 2.76e-06 V                   ; 2.36 V              ; -0.00279 V          ; 0.143 V                              ; 0.015 V                              ; 8.42e-10 s                  ; 1.06e-09 s                  ; No                         ; Yes                        ; 2.32 V                      ; 2.76e-06 V                  ; 2.36 V             ; -0.00279 V         ; 0.143 V                             ; 0.015 V                             ; 8.42e-10 s                 ; 1.06e-09 s                 ; No                        ; Yes                       ;
; SDRAM_ADDR[8]  ; 2.5 V        ; 0 s                 ; 0 s                 ; 2.32 V                       ; 2.76e-06 V                   ; 2.36 V              ; -0.00222 V          ; 0.143 V                              ; 0.015 V                              ; 8.41e-10 s                  ; 1.06e-09 s                  ; No                         ; Yes                        ; 2.32 V                      ; 2.76e-06 V                  ; 2.36 V             ; -0.00222 V         ; 0.143 V                             ; 0.015 V                             ; 8.41e-10 s                 ; 1.06e-09 s                 ; No                        ; Yes                       ;
; SDRAM_ADDR[9]  ; 2.5 V        ; 0 s                 ; 0 s                 ; 2.32 V                       ; 2.76e-06 V                   ; 2.36 V              ; -0.00279 V          ; 0.143 V                              ; 0.015 V                              ; 8.42e-10 s                  ; 1.06e-09 s                  ; No                         ; Yes                        ; 2.32 V                      ; 2.76e-06 V                  ; 2.36 V             ; -0.00279 V         ; 0.143 V                             ; 0.015 V                             ; 8.42e-10 s                 ; 1.06e-09 s                 ; No                        ; Yes                       ;
; SDRAM_ADDR[10] ; 2.5 V        ; 0 s                 ; 0 s                 ; 2.32 V                       ; 2.76e-06 V                   ; 2.36 V              ; -0.00279 V          ; 0.143 V                              ; 0.015 V                              ; 8.42e-10 s                  ; 1.06e-09 s                  ; No                         ; Yes                        ; 2.32 V                      ; 2.76e-06 V                  ; 2.36 V             ; -0.00279 V         ; 0.143 V                             ; 0.015 V                             ; 8.42e-10 s                 ; 1.06e-09 s                 ; No                        ; Yes                       ;
; SDRAM_ADDR[11] ; 2.5 V        ; 0 s                 ; 0 s                 ; 2.32 V                       ; 2.76e-06 V                   ; 2.36 V              ; -0.00222 V          ; 0.143 V                              ; 0.015 V                              ; 8.41e-10 s                  ; 1.06e-09 s                  ; No                         ; Yes                        ; 2.32 V                      ; 2.76e-06 V                  ; 2.36 V             ; -0.00222 V         ; 0.143 V                             ; 0.015 V                             ; 8.41e-10 s                 ; 1.06e-09 s                 ; No                        ; Yes                       ;
; SDRAM_ADDR[12] ; 2.5 V        ; 0 s                 ; 0 s                 ; 2.32 V                       ; 2.76e-06 V                   ; 2.36 V              ; -0.00222 V          ; 0.143 V                              ; 0.015 V                              ; 8.41e-10 s                  ; 1.06e-09 s                  ; No                         ; Yes                        ; 2.32 V                      ; 2.76e-06 V                  ; 2.36 V             ; -0.00222 V         ; 0.143 V                             ; 0.015 V                             ; 8.41e-10 s                 ; 1.06e-09 s                 ; No                        ; Yes                       ;
; TMSC_pri       ; 2.5 V        ; 0 s                 ; 0 s                 ; 2.32 V                       ; 2.76e-06 V                   ; 2.36 V              ; -0.00222 V          ; 0.143 V                              ; 0.015 V                              ; 8.41e-10 s                  ; 1.06e-09 s                  ; No                         ; Yes                        ; 2.32 V                      ; 2.76e-06 V                  ; 2.36 V             ; -0.00222 V         ; 0.143 V                             ; 0.015 V                             ; 8.41e-10 s                 ; 1.06e-09 s                 ; No                        ; Yes                       ;
; TMSC_rep       ; 2.5 V        ; 0 s                 ; 0 s                 ; 2.32 V                       ; 2.76e-06 V                   ; 2.36 V              ; -0.00222 V          ; 0.143 V                              ; 0.015 V                              ; 8.41e-10 s                  ; 1.06e-09 s                  ; No                         ; Yes                        ; 2.32 V                      ; 2.76e-06 V                  ; 2.36 V             ; -0.00222 V         ; 0.143 V                             ; 0.015 V                             ; 8.41e-10 s                 ; 1.06e-09 s                 ; No                        ; Yes                       ;
; GPIO0[0]       ; 2.5 V        ; 0 s                 ; 0 s                 ; 2.32 V                       ; 2.76e-06 V                   ; 2.36 V              ; -0.00279 V          ; 0.143 V                              ; 0.015 V                              ; 8.42e-10 s                  ; 1.06e-09 s                  ; No                         ; Yes                        ; 2.32 V                      ; 2.76e-06 V                  ; 2.36 V             ; -0.00279 V         ; 0.143 V                             ; 0.015 V                             ; 8.42e-10 s                 ; 1.06e-09 s                 ; No                        ; Yes                       ;
; GPIO0[1]       ; 2.5 V        ; 0 s                 ; 0 s                 ; 2.32 V                       ; 2.76e-06 V                   ; 2.36 V              ; -0.00222 V          ; 0.143 V                              ; 0.015 V                              ; 8.41e-10 s                  ; 1.06e-09 s                  ; No                         ; Yes                        ; 2.32 V                      ; 2.76e-06 V                  ; 2.36 V             ; -0.00222 V         ; 0.143 V                             ; 0.015 V                             ; 8.41e-10 s                 ; 1.06e-09 s                 ; No                        ; Yes                       ;
; GPIO0[2]       ; 2.5 V        ; 0 s                 ; 0 s                 ; 2.32 V                       ; 2.76e-06 V                   ; 2.36 V              ; -0.00222 V          ; 0.143 V                              ; 0.015 V                              ; 8.41e-10 s                  ; 1.06e-09 s                  ; No                         ; Yes                        ; 2.32 V                      ; 2.76e-06 V                  ; 2.36 V             ; -0.00222 V         ; 0.143 V                             ; 0.015 V                             ; 8.41e-10 s                 ; 1.06e-09 s                 ; No                        ; Yes                       ;
; GPIO0[3]       ; 2.5 V        ; 0 s                 ; 0 s                 ; 2.32 V                       ; 2.76e-06 V                   ; 2.36 V              ; -0.00279 V          ; 0.143 V                              ; 0.015 V                              ; 8.42e-10 s                  ; 1.06e-09 s                  ; No                         ; Yes                        ; 2.32 V                      ; 2.76e-06 V                  ; 2.36 V             ; -0.00279 V         ; 0.143 V                             ; 0.015 V                             ; 8.42e-10 s                 ; 1.06e-09 s                 ; No                        ; Yes                       ;
; GPIO0[4]       ; 2.5 V        ; 0 s                 ; 0 s                 ; 2.32 V                       ; 2.76e-06 V                   ; 2.36 V              ; -0.00279 V          ; 0.143 V                              ; 0.015 V                              ; 8.42e-10 s                  ; 1.06e-09 s                  ; No                         ; Yes                        ; 2.32 V                      ; 2.76e-06 V                  ; 2.36 V             ; -0.00279 V         ; 0.143 V                             ; 0.015 V                             ; 8.42e-10 s                 ; 1.06e-09 s                 ; No                        ; Yes                       ;
; GPIO0[5]       ; 2.5 V        ; 0 s                 ; 0 s                 ; 2.32 V                       ; 2.76e-06 V                   ; 2.36 V              ; -0.00279 V          ; 0.143 V                              ; 0.015 V                              ; 8.42e-10 s                  ; 1.06e-09 s                  ; No                         ; Yes                        ; 2.32 V                      ; 2.76e-06 V                  ; 2.36 V             ; -0.00279 V         ; 0.143 V                             ; 0.015 V                             ; 8.42e-10 s                 ; 1.06e-09 s                 ; No                        ; Yes                       ;
; GPIO0[6]       ; 2.5 V        ; 0 s                 ; 0 s                 ; 2.32 V                       ; 2.76e-06 V                   ; 2.36 V              ; -0.00222 V          ; 0.143 V                              ; 0.015 V                              ; 8.41e-10 s                  ; 1.06e-09 s                  ; No                         ; Yes                        ; 2.32 V                      ; 2.76e-06 V                  ; 2.36 V             ; -0.00222 V         ; 0.143 V                             ; 0.015 V                             ; 8.41e-10 s                 ; 1.06e-09 s                 ; No                        ; Yes                       ;
; GPIO0[7]       ; 2.5 V        ; 0 s                 ; 0 s                 ; 2.32 V                       ; 2.76e-06 V                   ; 2.36 V              ; -0.00279 V          ; 0.143 V                              ; 0.015 V                              ; 8.42e-10 s                  ; 1.06e-09 s                  ; No                         ; Yes                        ; 2.32 V                      ; 2.76e-06 V                  ; 2.36 V             ; -0.00279 V         ; 0.143 V                             ; 0.015 V                             ; 8.42e-10 s                 ; 1.06e-09 s                 ; No                        ; Yes                       ;
; GPIO0[8]       ; 2.5 V        ; 0 s                 ; 0 s                 ; 2.32 V                       ; 2.76e-06 V                   ; 2.36 V              ; -0.00279 V          ; 0.143 V                              ; 0.015 V                              ; 8.42e-10 s                  ; 1.06e-09 s                  ; No                         ; Yes                        ; 2.32 V                      ; 2.76e-06 V                  ; 2.36 V             ; -0.00279 V         ; 0.143 V                             ; 0.015 V                             ; 8.42e-10 s                 ; 1.06e-09 s                 ; No                        ; Yes                       ;
; GPIO0[9]       ; 2.5 V        ; 0 s                 ; 0 s                 ; 2.32 V                       ; 2.76e-06 V                   ; 2.36 V              ; -0.00279 V          ; 0.143 V                              ; 0.015 V                              ; 8.42e-10 s                  ; 1.06e-09 s                  ; No                         ; Yes                        ; 2.32 V                      ; 2.76e-06 V                  ; 2.36 V             ; -0.00279 V         ; 0.143 V                             ; 0.015 V                             ; 8.42e-10 s                 ; 1.06e-09 s                 ; No                        ; Yes                       ;
; GPIO0[10]      ; 2.5 V        ; 0 s                 ; 0 s                 ; 2.32 V                       ; 2.76e-06 V                   ; 2.36 V              ; -0.00222 V          ; 0.143 V                              ; 0.015 V                              ; 8.41e-10 s                  ; 1.06e-09 s                  ; No                         ; Yes                        ; 2.32 V                      ; 2.76e-06 V                  ; 2.36 V             ; -0.00222 V         ; 0.143 V                             ; 0.015 V                             ; 8.41e-10 s                 ; 1.06e-09 s                 ; No                        ; Yes                       ;
; GPIO0[11]      ; 2.5 V        ; 0 s                 ; 0 s                 ; 2.32 V                       ; 2.76e-06 V                   ; 2.36 V              ; -0.00279 V          ; 0.143 V                              ; 0.015 V                              ; 8.42e-10 s                  ; 1.06e-09 s                  ; No                         ; Yes                        ; 2.32 V                      ; 2.76e-06 V                  ; 2.36 V             ; -0.00279 V         ; 0.143 V                             ; 0.015 V                             ; 8.42e-10 s                 ; 1.06e-09 s                 ; No                        ; Yes                       ;
; GPIO0[12]      ; 2.5 V        ; 0 s                 ; 0 s                 ; 2.32 V                       ; 2.76e-06 V                   ; 2.36 V              ; -0.00222 V          ; 0.143 V                              ; 0.015 V                              ; 8.41e-10 s                  ; 1.06e-09 s                  ; No                         ; Yes                        ; 2.32 V                      ; 2.76e-06 V                  ; 2.36 V             ; -0.00222 V         ; 0.143 V                             ; 0.015 V                             ; 8.41e-10 s                 ; 1.06e-09 s                 ; No                        ; Yes                       ;
; GPIO0[13]      ; 2.5 V        ; 0 s                 ; 0 s                 ; 2.32 V                       ; 2.76e-06 V                   ; 2.36 V              ; -0.00279 V          ; 0.143 V                              ; 0.015 V                              ; 8.42e-10 s                  ; 1.06e-09 s                  ; No                         ; Yes                        ; 2.32 V                      ; 2.76e-06 V                  ; 2.36 V             ; -0.00279 V         ; 0.143 V                             ; 0.015 V                             ; 8.42e-10 s                 ; 1.06e-09 s                 ; No                        ; Yes                       ;
; GPIO0[14]      ; 2.5 V        ; 0 s                 ; 0 s                 ; 2.32 V                       ; 2.76e-06 V                   ; 2.36 V              ; -0.00222 V          ; 0.143 V                              ; 0.015 V                              ; 8.41e-10 s                  ; 1.06e-09 s                  ; No                         ; Yes                        ; 2.32 V                      ; 2.76e-06 V                  ; 2.36 V             ; -0.00222 V         ; 0.143 V                             ; 0.015 V                             ; 8.41e-10 s                 ; 1.06e-09 s                 ; No                        ; Yes                       ;
; GPIO0[15]      ; 2.5 V        ; 0 s                 ; 0 s                 ; 2.32 V                       ; 2.76e-06 V                   ; 2.36 V              ; -0.00222 V          ; 0.143 V                              ; 0.015 V                              ; 8.41e-10 s                  ; 1.06e-09 s                  ; No                         ; Yes                        ; 2.32 V                      ; 2.76e-06 V                  ; 2.36 V             ; -0.00222 V         ; 0.143 V                             ; 0.015 V                             ; 8.41e-10 s                 ; 1.06e-09 s                 ; No                        ; Yes                       ;
; GPIO0[16]      ; 2.5 V        ; 0 s                 ; 0 s                 ; 2.32 V                       ; 2.76e-06 V                   ; 2.36 V              ; -0.00279 V          ; 0.143 V                              ; 0.015 V                              ; 8.42e-10 s                  ; 1.06e-09 s                  ; No                         ; Yes                        ; 2.32 V                      ; 2.76e-06 V                  ; 2.36 V             ; -0.00279 V         ; 0.143 V                             ; 0.015 V                             ; 8.42e-10 s                 ; 1.06e-09 s                 ; No                        ; Yes                       ;
; GPIO0[17]      ; 2.5 V        ; 0 s                 ; 0 s                 ; 2.32 V                       ; 2.76e-06 V                   ; 2.36 V              ; -0.00279 V          ; 0.143 V                              ; 0.015 V                              ; 8.42e-10 s                  ; 1.06e-09 s                  ; No                         ; Yes                        ; 2.32 V                      ; 2.76e-06 V                  ; 2.36 V             ; -0.00279 V         ; 0.143 V                             ; 0.015 V                             ; 8.42e-10 s                 ; 1.06e-09 s                 ; No                        ; Yes                       ;
; GPIO0[18]      ; 2.5 V        ; 0 s                 ; 0 s                 ; 2.32 V                       ; 2.76e-06 V                   ; 2.36 V              ; -0.00222 V          ; 0.143 V                              ; 0.015 V                              ; 8.41e-10 s                  ; 1.06e-09 s                  ; No                         ; Yes                        ; 2.32 V                      ; 2.76e-06 V                  ; 2.36 V             ; -0.00222 V         ; 0.143 V                             ; 0.015 V                             ; 8.41e-10 s                 ; 1.06e-09 s                 ; No                        ; Yes                       ;
; GPIO0[19]      ; 2.5 V        ; 0 s                 ; 0 s                 ; 2.32 V                       ; 2.76e-06 V                   ; 2.36 V              ; -0.00222 V          ; 0.143 V                              ; 0.015 V                              ; 8.41e-10 s                  ; 1.06e-09 s                  ; No                         ; Yes                        ; 2.32 V                      ; 2.76e-06 V                  ; 2.36 V             ; -0.00222 V         ; 0.143 V                             ; 0.015 V                             ; 8.41e-10 s                 ; 1.06e-09 s                 ; No                        ; Yes                       ;
; GPIO0[20]      ; 2.5 V        ; 0 s                 ; 0 s                 ; 2.32 V                       ; 2.76e-06 V                   ; 2.36 V              ; -0.00222 V          ; 0.143 V                              ; 0.015 V                              ; 8.41e-10 s                  ; 1.06e-09 s                  ; No                         ; Yes                        ; 2.32 V                      ; 2.76e-06 V                  ; 2.36 V             ; -0.00222 V         ; 0.143 V                             ; 0.015 V                             ; 8.41e-10 s                 ; 1.06e-09 s                 ; No                        ; Yes                       ;
; GPIO0[21]      ; 2.5 V        ; 0 s                 ; 0 s                 ; 2.32 V                       ; 2.76e-06 V                   ; 2.36 V              ; -0.00222 V          ; 0.143 V                              ; 0.015 V                              ; 8.41e-10 s                  ; 1.06e-09 s                  ; No                         ; Yes                        ; 2.32 V                      ; 2.76e-06 V                  ; 2.36 V             ; -0.00222 V         ; 0.143 V                             ; 0.015 V                             ; 8.41e-10 s                 ; 1.06e-09 s                 ; No                        ; Yes                       ;
; GPIO0[22]      ; 2.5 V        ; 0 s                 ; 0 s                 ; 2.32 V                       ; 2.76e-06 V                   ; 2.36 V              ; -0.00279 V          ; 0.143 V                              ; 0.015 V                              ; 8.42e-10 s                  ; 1.06e-09 s                  ; No                         ; Yes                        ; 2.32 V                      ; 2.76e-06 V                  ; 2.36 V             ; -0.00279 V         ; 0.143 V                             ; 0.015 V                             ; 8.42e-10 s                 ; 1.06e-09 s                 ; No                        ; Yes                       ;
; GPIO0[23]      ; 2.5 V        ; 0 s                 ; 0 s                 ; 2.32 V                       ; 2.76e-06 V                   ; 2.36 V              ; -0.00222 V          ; 0.143 V                              ; 0.015 V                              ; 8.41e-10 s                  ; 1.06e-09 s                  ; No                         ; Yes                        ; 2.32 V                      ; 2.76e-06 V                  ; 2.36 V             ; -0.00222 V         ; 0.143 V                             ; 0.015 V                             ; 8.41e-10 s                 ; 1.06e-09 s                 ; No                        ; Yes                       ;
; GPIO0[24]      ; 2.5 V        ; 0 s                 ; 0 s                 ; 2.32 V                       ; 2.76e-06 V                   ; 2.36 V              ; -0.00279 V          ; 0.143 V                              ; 0.015 V                              ; 8.42e-10 s                  ; 1.06e-09 s                  ; No                         ; Yes                        ; 2.32 V                      ; 2.76e-06 V                  ; 2.36 V             ; -0.00279 V         ; 0.143 V                             ; 0.015 V                             ; 8.42e-10 s                 ; 1.06e-09 s                 ; No                        ; Yes                       ;
; GPIO0[25]      ; 2.5 V        ; 0 s                 ; 0 s                 ; 2.32 V                       ; 2.76e-06 V                   ; 2.36 V              ; -0.00279 V          ; 0.143 V                              ; 0.015 V                              ; 8.42e-10 s                  ; 1.06e-09 s                  ; No                         ; Yes                        ; 2.32 V                      ; 2.76e-06 V                  ; 2.36 V             ; -0.00279 V         ; 0.143 V                             ; 0.015 V                             ; 8.42e-10 s                 ; 1.06e-09 s                 ; No                        ; Yes                       ;
; GPIO0[26]      ; 2.5 V        ; 0 s                 ; 0 s                 ; 2.32 V                       ; 2.76e-06 V                   ; 2.36 V              ; -0.00222 V          ; 0.143 V                              ; 0.015 V                              ; 8.41e-10 s                  ; 1.06e-09 s                  ; No                         ; Yes                        ; 2.32 V                      ; 2.76e-06 V                  ; 2.36 V             ; -0.00222 V         ; 0.143 V                             ; 0.015 V                             ; 8.41e-10 s                 ; 1.06e-09 s                 ; No                        ; Yes                       ;
; GPIO0[27]      ; 2.5 V        ; 0 s                 ; 0 s                 ; 2.32 V                       ; 2.76e-06 V                   ; 2.36 V              ; -0.00279 V          ; 0.143 V                              ; 0.015 V                              ; 8.42e-10 s                  ; 1.06e-09 s                  ; No                         ; Yes                        ; 2.32 V                      ; 2.76e-06 V                  ; 2.36 V             ; -0.00279 V         ; 0.143 V                             ; 0.015 V                             ; 8.42e-10 s                 ; 1.06e-09 s                 ; No                        ; Yes                       ;
; GPIO0[28]      ; 2.5 V        ; 0 s                 ; 0 s                 ; 2.32 V                       ; 2.76e-06 V                   ; 2.36 V              ; -0.00279 V          ; 0.143 V                              ; 0.015 V                              ; 8.42e-10 s                  ; 1.06e-09 s                  ; No                         ; Yes                        ; 2.32 V                      ; 2.76e-06 V                  ; 2.36 V             ; -0.00279 V         ; 0.143 V                             ; 0.015 V                             ; 8.42e-10 s                 ; 1.06e-09 s                 ; No                        ; Yes                       ;
; GPIO0[29]      ; 2.5 V        ; 0 s                 ; 0 s                 ; 2.32 V                       ; 2.76e-06 V                   ; 2.36 V              ; -0.00222 V          ; 0.143 V                              ; 0.015 V                              ; 8.41e-10 s                  ; 1.06e-09 s                  ; No                         ; Yes                        ; 2.32 V                      ; 2.76e-06 V                  ; 2.36 V             ; -0.00222 V         ; 0.143 V                             ; 0.015 V                             ; 8.41e-10 s                 ; 1.06e-09 s                 ; No                        ; Yes                       ;
; GPIO0[30]      ; 2.5 V        ; 0 s                 ; 0 s                 ; 2.32 V                       ; 2.76e-06 V                   ; 2.36 V              ; -0.00222 V          ; 0.143 V                              ; 0.015 V                              ; 8.41e-10 s                  ; 1.06e-09 s                  ; No                         ; Yes                        ; 2.32 V                      ; 2.76e-06 V                  ; 2.36 V             ; -0.00222 V         ; 0.143 V                             ; 0.015 V                             ; 8.41e-10 s                 ; 1.06e-09 s                 ; No                        ; Yes                       ;
; GPIO0[31]      ; 2.5 V        ; 0 s                 ; 0 s                 ; 2.32 V                       ; 2.76e-06 V                   ; 2.36 V              ; -0.00279 V          ; 0.143 V                              ; 0.015 V                              ; 8.42e-10 s                  ; 1.06e-09 s                  ; No                         ; Yes                        ; 2.32 V                      ; 2.76e-06 V                  ; 2.36 V             ; -0.00279 V         ; 0.143 V                             ; 0.015 V                             ; 8.42e-10 s                 ; 1.06e-09 s                 ; No                        ; Yes                       ;
; GPIO1[0]       ; 2.5 V        ; 0 s                 ; 0 s                 ; 2.32 V                       ; 2.76e-06 V                   ; 2.36 V              ; -0.00222 V          ; 0.143 V                              ; 0.015 V                              ; 8.41e-10 s                  ; 1.06e-09 s                  ; No                         ; Yes                        ; 2.32 V                      ; 2.76e-06 V                  ; 2.36 V             ; -0.00222 V         ; 0.143 V                             ; 0.015 V                             ; 8.41e-10 s                 ; 1.06e-09 s                 ; No                        ; Yes                       ;
; GPIO1[1]       ; 2.5 V        ; 0 s                 ; 0 s                 ; 2.32 V                       ; 2.76e-06 V                   ; 2.36 V              ; -0.00222 V          ; 0.143 V                              ; 0.015 V                              ; 8.41e-10 s                  ; 1.06e-09 s                  ; No                         ; Yes                        ; 2.32 V                      ; 2.76e-06 V                  ; 2.36 V             ; -0.00222 V         ; 0.143 V                             ; 0.015 V                             ; 8.41e-10 s                 ; 1.06e-09 s                 ; No                        ; Yes                       ;
; GPIO1[2]       ; 2.5 V        ; 0 s                 ; 0 s                 ; 2.32 V                       ; 2.76e-06 V                   ; 2.36 V              ; -0.00279 V          ; 0.143 V                              ; 0.015 V                              ; 8.42e-10 s                  ; 1.06e-09 s                  ; No                         ; Yes                        ; 2.32 V                      ; 2.76e-06 V                  ; 2.36 V             ; -0.00279 V         ; 0.143 V                             ; 0.015 V                             ; 8.42e-10 s                 ; 1.06e-09 s                 ; No                        ; Yes                       ;
; GPIO1[3]       ; 2.5 V        ; 0 s                 ; 0 s                 ; 2.32 V                       ; 2.76e-06 V                   ; 2.36 V              ; -0.00222 V          ; 0.143 V                              ; 0.015 V                              ; 8.41e-10 s                  ; 1.06e-09 s                  ; No                         ; Yes                        ; 2.32 V                      ; 2.76e-06 V                  ; 2.36 V             ; -0.00222 V         ; 0.143 V                             ; 0.015 V                             ; 8.41e-10 s                 ; 1.06e-09 s                 ; No                        ; Yes                       ;
; GPIO1[4]       ; 2.5 V        ; 0 s                 ; 0 s                 ; 2.32 V                       ; 2.76e-06 V                   ; 2.36 V              ; -0.00279 V          ; 0.143 V                              ; 0.015 V                              ; 8.42e-10 s                  ; 1.06e-09 s                  ; No                         ; Yes                        ; 2.32 V                      ; 2.76e-06 V                  ; 2.36 V             ; -0.00279 V         ; 0.143 V                             ; 0.015 V                             ; 8.42e-10 s                 ; 1.06e-09 s                 ; No                        ; Yes                       ;
; GPIO1[5]       ; 2.5 V        ; 0 s                 ; 0 s                 ; 2.32 V                       ; 2.76e-06 V                   ; 2.36 V              ; -0.00279 V          ; 0.143 V                              ; 0.015 V                              ; 8.42e-10 s                  ; 1.06e-09 s                  ; No                         ; Yes                        ; 2.32 V                      ; 2.76e-06 V                  ; 2.36 V             ; -0.00279 V         ; 0.143 V                             ; 0.015 V                             ; 8.42e-10 s                 ; 1.06e-09 s                 ; No                        ; Yes                       ;
; GPIO1[6]       ; 2.5 V        ; 0 s                 ; 0 s                 ; 2.32 V                       ; 2.76e-06 V                   ; 2.36 V              ; -0.00222 V          ; 0.143 V                              ; 0.015 V                              ; 8.41e-10 s                  ; 1.06e-09 s                  ; No                         ; Yes                        ; 2.32 V                      ; 2.76e-06 V                  ; 2.36 V             ; -0.00222 V         ; 0.143 V                             ; 0.015 V                             ; 8.41e-10 s                 ; 1.06e-09 s                 ; No                        ; Yes                       ;
; GPIO1[7]       ; 2.5 V        ; 0 s                 ; 0 s                 ; 2.32 V                       ; 2.76e-06 V                   ; 2.36 V              ; -0.00279 V          ; 0.143 V                              ; 0.015 V                              ; 8.42e-10 s                  ; 1.06e-09 s                  ; No                         ; Yes                        ; 2.32 V                      ; 2.76e-06 V                  ; 2.36 V             ; -0.00279 V         ; 0.143 V                             ; 0.015 V                             ; 8.42e-10 s                 ; 1.06e-09 s                 ; No                        ; Yes                       ;
; GPIO1[8]       ; 2.5 V        ; 0 s                 ; 0 s                 ; 2.32 V                       ; 2.76e-06 V                   ; 2.36 V              ; -0.00279 V          ; 0.143 V                              ; 0.015 V                              ; 8.42e-10 s                  ; 1.06e-09 s                  ; No                         ; Yes                        ; 2.32 V                      ; 2.76e-06 V                  ; 2.36 V             ; -0.00279 V         ; 0.143 V                             ; 0.015 V                             ; 8.42e-10 s                 ; 1.06e-09 s                 ; No                        ; Yes                       ;
; GPIO1[9]       ; 2.5 V        ; 0 s                 ; 0 s                 ; 2.32 V                       ; 2.76e-06 V                   ; 2.36 V              ; -0.00222 V          ; 0.143 V                              ; 0.015 V                              ; 8.41e-10 s                  ; 1.06e-09 s                  ; No                         ; Yes                        ; 2.32 V                      ; 2.76e-06 V                  ; 2.36 V             ; -0.00222 V         ; 0.143 V                             ; 0.015 V                             ; 8.41e-10 s                 ; 1.06e-09 s                 ; No                        ; Yes                       ;
; GPIO1[10]      ; 2.5 V        ; 0 s                 ; 0 s                 ; 2.32 V                       ; 2.76e-06 V                   ; 2.36 V              ; -0.00222 V          ; 0.143 V                              ; 0.015 V                              ; 8.41e-10 s                  ; 1.06e-09 s                  ; No                         ; Yes                        ; 2.32 V                      ; 2.76e-06 V                  ; 2.36 V             ; -0.00222 V         ; 0.143 V                             ; 0.015 V                             ; 8.41e-10 s                 ; 1.06e-09 s                 ; No                        ; Yes                       ;
; GPIO1[11]      ; 2.5 V        ; 0 s                 ; 0 s                 ; 2.32 V                       ; 2.76e-06 V                   ; 2.36 V              ; -0.00279 V          ; 0.143 V                              ; 0.015 V                              ; 8.42e-10 s                  ; 1.06e-09 s                  ; No                         ; Yes                        ; 2.32 V                      ; 2.76e-06 V                  ; 2.36 V             ; -0.00279 V         ; 0.143 V                             ; 0.015 V                             ; 8.42e-10 s                 ; 1.06e-09 s                 ; No                        ; Yes                       ;
; GPIO1[12]      ; 2.5 V        ; 0 s                 ; 0 s                 ; 2.32 V                       ; 2.76e-06 V                   ; 2.36 V              ; -0.00279 V          ; 0.143 V                              ; 0.015 V                              ; 8.42e-10 s                  ; 1.06e-09 s                  ; No                         ; Yes                        ; 2.32 V                      ; 2.76e-06 V                  ; 2.36 V             ; -0.00279 V         ; 0.143 V                             ; 0.015 V                             ; 8.42e-10 s                 ; 1.06e-09 s                 ; No                        ; Yes                       ;
; GPIO1[13]      ; 2.5 V        ; 0 s                 ; 0 s                 ; 2.32 V                       ; 2.76e-06 V                   ; 2.36 V              ; -0.00222 V          ; 0.143 V                              ; 0.015 V                              ; 8.41e-10 s                  ; 1.06e-09 s                  ; No                         ; Yes                        ; 2.32 V                      ; 2.76e-06 V                  ; 2.36 V             ; -0.00222 V         ; 0.143 V                             ; 0.015 V                             ; 8.41e-10 s                 ; 1.06e-09 s                 ; No                        ; Yes                       ;
; GPIO1[14]      ; 2.5 V        ; 0 s                 ; 0 s                 ; 2.32 V                       ; 2.76e-06 V                   ; 2.36 V              ; -0.00222 V          ; 0.143 V                              ; 0.015 V                              ; 8.41e-10 s                  ; 1.06e-09 s                  ; No                         ; Yes                        ; 2.32 V                      ; 2.76e-06 V                  ; 2.36 V             ; -0.00222 V         ; 0.143 V                             ; 0.015 V                             ; 8.41e-10 s                 ; 1.06e-09 s                 ; No                        ; Yes                       ;
; GPIO1[15]      ; 2.5 V        ; 0 s                 ; 0 s                 ; 2.32 V                       ; 2.76e-06 V                   ; 2.36 V              ; -0.00279 V          ; 0.143 V                              ; 0.015 V                              ; 8.42e-10 s                  ; 1.06e-09 s                  ; No                         ; Yes                        ; 2.32 V                      ; 2.76e-06 V                  ; 2.36 V             ; -0.00279 V         ; 0.143 V                             ; 0.015 V                             ; 8.42e-10 s                 ; 1.06e-09 s                 ; No                        ; Yes                       ;
; GPIO1[16]      ; 2.5 V        ; 0 s                 ; 0 s                 ; 2.32 V                       ; 2.76e-06 V                   ; 2.36 V              ; -0.00222 V          ; 0.143 V                              ; 0.015 V                              ; 8.41e-10 s                  ; 1.06e-09 s                  ; No                         ; Yes                        ; 2.32 V                      ; 2.76e-06 V                  ; 2.36 V             ; -0.00222 V         ; 0.143 V                             ; 0.015 V                             ; 8.41e-10 s                 ; 1.06e-09 s                 ; No                        ; Yes                       ;
; GPIO1[17]      ; 2.5 V        ; 0 s                 ; 0 s                 ; 2.32 V                       ; 2.76e-06 V                   ; 2.36 V              ; -0.00279 V          ; 0.143 V                              ; 0.015 V                              ; 8.42e-10 s                  ; 1.06e-09 s                  ; No                         ; Yes                        ; 2.32 V                      ; 2.76e-06 V                  ; 2.36 V             ; -0.00279 V         ; 0.143 V                             ; 0.015 V                             ; 8.42e-10 s                 ; 1.06e-09 s                 ; No                        ; Yes                       ;
; GPIO1[18]      ; 2.5 V        ; 0 s                 ; 0 s                 ; 2.32 V                       ; 2.76e-06 V                   ; 2.36 V              ; -0.00222 V          ; 0.143 V                              ; 0.015 V                              ; 8.41e-10 s                  ; 1.06e-09 s                  ; No                         ; Yes                        ; 2.32 V                      ; 2.76e-06 V                  ; 2.36 V             ; -0.00222 V         ; 0.143 V                             ; 0.015 V                             ; 8.41e-10 s                 ; 1.06e-09 s                 ; No                        ; Yes                       ;
; GPIO1[19]      ; 2.5 V        ; 0 s                 ; 0 s                 ; 2.32 V                       ; 2.76e-06 V                   ; 2.36 V              ; -0.00279 V          ; 0.143 V                              ; 0.015 V                              ; 8.42e-10 s                  ; 1.06e-09 s                  ; No                         ; Yes                        ; 2.32 V                      ; 2.76e-06 V                  ; 2.36 V             ; -0.00279 V         ; 0.143 V                             ; 0.015 V                             ; 8.42e-10 s                 ; 1.06e-09 s                 ; No                        ; Yes                       ;
; GPIO1[20]      ; 2.5 V        ; 0 s                 ; 0 s                 ; 2.32 V                       ; 2.76e-06 V                   ; 2.36 V              ; -0.00222 V          ; 0.143 V                              ; 0.015 V                              ; 8.41e-10 s                  ; 1.06e-09 s                  ; No                         ; Yes                        ; 2.32 V                      ; 2.76e-06 V                  ; 2.36 V             ; -0.00222 V         ; 0.143 V                             ; 0.015 V                             ; 8.41e-10 s                 ; 1.06e-09 s                 ; No                        ; Yes                       ;
; GPIO1[21]      ; 2.5 V        ; 0 s                 ; 0 s                 ; 2.32 V                       ; 2.76e-06 V                   ; 2.36 V              ; -0.00222 V          ; 0.143 V                              ; 0.015 V                              ; 8.41e-10 s                  ; 1.06e-09 s                  ; No                         ; Yes                        ; 2.32 V                      ; 2.76e-06 V                  ; 2.36 V             ; -0.00222 V         ; 0.143 V                             ; 0.015 V                             ; 8.41e-10 s                 ; 1.06e-09 s                 ; No                        ; Yes                       ;
; GPIO1[22]      ; 2.5 V        ; 0 s                 ; 0 s                 ; 2.32 V                       ; 2.76e-06 V                   ; 2.36 V              ; -0.00222 V          ; 0.143 V                              ; 0.015 V                              ; 8.41e-10 s                  ; 1.06e-09 s                  ; No                         ; Yes                        ; 2.32 V                      ; 2.76e-06 V                  ; 2.36 V             ; -0.00222 V         ; 0.143 V                             ; 0.015 V                             ; 8.41e-10 s                 ; 1.06e-09 s                 ; No                        ; Yes                       ;
; GPIO1[23]      ; 2.5 V        ; 0 s                 ; 0 s                 ; 2.32 V                       ; 2.76e-06 V                   ; 2.36 V              ; -0.00279 V          ; 0.143 V                              ; 0.015 V                              ; 8.42e-10 s                  ; 1.06e-09 s                  ; No                         ; Yes                        ; 2.32 V                      ; 2.76e-06 V                  ; 2.36 V             ; -0.00279 V         ; 0.143 V                             ; 0.015 V                             ; 8.42e-10 s                 ; 1.06e-09 s                 ; No                        ; Yes                       ;
; GPIO1[24]      ; 2.5 V        ; 0 s                 ; 0 s                 ; 2.32 V                       ; 2.76e-06 V                   ; 2.36 V              ; -0.00279 V          ; 0.143 V                              ; 0.015 V                              ; 8.42e-10 s                  ; 1.06e-09 s                  ; No                         ; Yes                        ; 2.32 V                      ; 2.76e-06 V                  ; 2.36 V             ; -0.00279 V         ; 0.143 V                             ; 0.015 V                             ; 8.42e-10 s                 ; 1.06e-09 s                 ; No                        ; Yes                       ;
; GPIO1[25]      ; 2.5 V        ; 0 s                 ; 0 s                 ; 2.32 V                       ; 2.76e-06 V                   ; 2.36 V              ; -0.00222 V          ; 0.143 V                              ; 0.015 V                              ; 8.41e-10 s                  ; 1.06e-09 s                  ; No                         ; Yes                        ; 2.32 V                      ; 2.76e-06 V                  ; 2.36 V             ; -0.00222 V         ; 0.143 V                             ; 0.015 V                             ; 8.41e-10 s                 ; 1.06e-09 s                 ; No                        ; Yes                       ;
; GPIO1[26]      ; 2.5 V        ; 0 s                 ; 0 s                 ; 2.32 V                       ; 2.76e-06 V                   ; 2.35 V              ; -0.00325 V          ; 0.194 V                              ; 0.03 V                               ; 8.84e-10 s                  ; 1.2e-09 s                   ; No                         ; Yes                        ; 2.32 V                      ; 2.76e-06 V                  ; 2.35 V             ; -0.00325 V         ; 0.194 V                             ; 0.03 V                              ; 8.84e-10 s                 ; 1.2e-09 s                  ; No                        ; Yes                       ;
; GPIO1[27]      ; 2.5 V        ; 0 s                 ; 0 s                 ; 2.32 V                       ; 2.76e-06 V                   ; 2.36 V              ; -0.00306 V          ; 0.194 V                              ; 0.031 V                              ; 8.84e-10 s                  ; 1.2e-09 s                   ; No                         ; Yes                        ; 2.32 V                      ; 2.76e-06 V                  ; 2.36 V             ; -0.00306 V         ; 0.194 V                             ; 0.031 V                             ; 8.84e-10 s                 ; 1.2e-09 s                  ; No                        ; Yes                       ;
; GPIO1[28]      ; 2.5 V        ; 0 s                 ; 0 s                 ; 2.32 V                       ; 2.76e-06 V                   ; 2.35 V              ; -0.00325 V          ; 0.194 V                              ; 0.03 V                               ; 8.84e-10 s                  ; 1.2e-09 s                   ; No                         ; Yes                        ; 2.32 V                      ; 2.76e-06 V                  ; 2.35 V             ; -0.00325 V         ; 0.194 V                             ; 0.03 V                              ; 8.84e-10 s                 ; 1.2e-09 s                  ; No                        ; Yes                       ;
; GPIO1[29]      ; 2.5 V        ; 0 s                 ; 0 s                 ; 2.32 V                       ; 2.76e-06 V                   ; 2.35 V              ; -0.00325 V          ; 0.194 V                              ; 0.03 V                               ; 8.84e-10 s                  ; 1.2e-09 s                   ; No                         ; Yes                        ; 2.32 V                      ; 2.76e-06 V                  ; 2.35 V             ; -0.00325 V         ; 0.194 V                             ; 0.03 V                              ; 8.84e-10 s                 ; 1.2e-09 s                  ; No                        ; Yes                       ;
; GPIO1[30]      ; 2.5 V        ; 0 s                 ; 0 s                 ; 2.32 V                       ; 2.76e-06 V                   ; 2.36 V              ; -0.00306 V          ; 0.194 V                              ; 0.031 V                              ; 8.84e-10 s                  ; 1.2e-09 s                   ; No                         ; Yes                        ; 2.32 V                      ; 2.76e-06 V                  ; 2.36 V             ; -0.00306 V         ; 0.194 V                             ; 0.031 V                             ; 8.84e-10 s                 ; 1.2e-09 s                  ; No                        ; Yes                       ;
; GPIO1[31]      ; 2.5 V        ; 0 s                 ; 0 s                 ; 2.32 V                       ; 2.76e-06 V                   ; 2.36 V              ; -0.00306 V          ; 0.194 V                              ; 0.031 V                              ; 8.84e-10 s                  ; 1.2e-09 s                   ; No                         ; Yes                        ; 2.32 V                      ; 2.76e-06 V                  ; 2.36 V             ; -0.00306 V         ; 0.194 V                             ; 0.031 V                             ; 8.84e-10 s                 ; 1.2e-09 s                  ; No                        ; Yes                       ;
; GPIO2[0]       ; 2.5 V        ; 0 s                 ; 0 s                 ; 2.32 V                       ; 2.76e-06 V                   ; 2.36 V              ; -0.00222 V          ; 0.143 V                              ; 0.015 V                              ; 8.41e-10 s                  ; 1.06e-09 s                  ; No                         ; Yes                        ; 2.32 V                      ; 2.76e-06 V                  ; 2.36 V             ; -0.00222 V         ; 0.143 V                             ; 0.015 V                             ; 8.41e-10 s                 ; 1.06e-09 s                 ; No                        ; Yes                       ;
; GPIO2[1]       ; 2.5 V        ; 0 s                 ; 0 s                 ; 2.32 V                       ; 2.76e-06 V                   ; 2.36 V              ; -0.00279 V          ; 0.143 V                              ; 0.015 V                              ; 8.42e-10 s                  ; 1.06e-09 s                  ; No                         ; Yes                        ; 2.32 V                      ; 2.76e-06 V                  ; 2.36 V             ; -0.00279 V         ; 0.143 V                             ; 0.015 V                             ; 8.42e-10 s                 ; 1.06e-09 s                 ; No                        ; Yes                       ;
; GPIO2[2]       ; 2.5 V        ; 0 s                 ; 0 s                 ; 2.32 V                       ; 2.76e-06 V                   ; 2.36 V              ; -0.00222 V          ; 0.143 V                              ; 0.015 V                              ; 8.41e-10 s                  ; 1.06e-09 s                  ; No                         ; Yes                        ; 2.32 V                      ; 2.76e-06 V                  ; 2.36 V             ; -0.00222 V         ; 0.143 V                             ; 0.015 V                             ; 8.41e-10 s                 ; 1.06e-09 s                 ; No                        ; Yes                       ;
; GPIO2[3]       ; 2.5 V        ; 0 s                 ; 0 s                 ; 2.32 V                       ; 2.76e-06 V                   ; 2.36 V              ; -0.00279 V          ; 0.143 V                              ; 0.015 V                              ; 8.42e-10 s                  ; 1.06e-09 s                  ; No                         ; Yes                        ; 2.32 V                      ; 2.76e-06 V                  ; 2.36 V             ; -0.00279 V         ; 0.143 V                             ; 0.015 V                             ; 8.42e-10 s                 ; 1.06e-09 s                 ; No                        ; Yes                       ;
; GPIO2[4]       ; 2.5 V        ; 0 s                 ; 0 s                 ; 2.32 V                       ; 2.76e-06 V                   ; 2.36 V              ; -0.00222 V          ; 0.143 V                              ; 0.015 V                              ; 8.41e-10 s                  ; 1.06e-09 s                  ; No                         ; Yes                        ; 2.32 V                      ; 2.76e-06 V                  ; 2.36 V             ; -0.00222 V         ; 0.143 V                             ; 0.015 V                             ; 8.41e-10 s                 ; 1.06e-09 s                 ; No                        ; Yes                       ;
; GPIO2[5]       ; 2.5 V        ; 0 s                 ; 0 s                 ; 2.32 V                       ; 2.76e-06 V                   ; 2.36 V              ; -0.00279 V          ; 0.143 V                              ; 0.015 V                              ; 8.42e-10 s                  ; 1.06e-09 s                  ; No                         ; Yes                        ; 2.32 V                      ; 2.76e-06 V                  ; 2.36 V             ; -0.00279 V         ; 0.143 V                             ; 0.015 V                             ; 8.42e-10 s                 ; 1.06e-09 s                 ; No                        ; Yes                       ;
; GPIO2[6]       ; 2.5 V        ; 0 s                 ; 0 s                 ; 2.32 V                       ; 2.76e-06 V                   ; 2.36 V              ; -0.00279 V          ; 0.143 V                              ; 0.015 V                              ; 8.42e-10 s                  ; 1.06e-09 s                  ; No                         ; Yes                        ; 2.32 V                      ; 2.76e-06 V                  ; 2.36 V             ; -0.00279 V         ; 0.143 V                             ; 0.015 V                             ; 8.42e-10 s                 ; 1.06e-09 s                 ; No                        ; Yes                       ;
; GPIO2[7]       ; 2.5 V        ; 0 s                 ; 0 s                 ; 2.32 V                       ; 2.76e-06 V                   ; 2.36 V              ; -0.00279 V          ; 0.143 V                              ; 0.015 V                              ; 8.42e-10 s                  ; 1.06e-09 s                  ; No                         ; Yes                        ; 2.32 V                      ; 2.76e-06 V                  ; 2.36 V             ; -0.00279 V         ; 0.143 V                             ; 0.015 V                             ; 8.42e-10 s                 ; 1.06e-09 s                 ; No                        ; Yes                       ;
; GPIO2[8]       ; 2.5 V        ; 0 s                 ; 0 s                 ; 2.32 V                       ; 2.76e-06 V                   ; 2.36 V              ; -0.00222 V          ; 0.143 V                              ; 0.015 V                              ; 8.41e-10 s                  ; 1.06e-09 s                  ; No                         ; Yes                        ; 2.32 V                      ; 2.76e-06 V                  ; 2.36 V             ; -0.00222 V         ; 0.143 V                             ; 0.015 V                             ; 8.41e-10 s                 ; 1.06e-09 s                 ; No                        ; Yes                       ;
; GPIO2[9]       ; 2.5 V        ; 0 s                 ; 0 s                 ; 2.32 V                       ; 2.76e-06 V                   ; 2.36 V              ; -0.00222 V          ; 0.143 V                              ; 0.015 V                              ; 8.41e-10 s                  ; 1.06e-09 s                  ; No                         ; Yes                        ; 2.32 V                      ; 2.76e-06 V                  ; 2.36 V             ; -0.00222 V         ; 0.143 V                             ; 0.015 V                             ; 8.41e-10 s                 ; 1.06e-09 s                 ; No                        ; Yes                       ;
; GPIO2[10]      ; 2.5 V        ; 0 s                 ; 0 s                 ; 2.32 V                       ; 2.76e-06 V                   ; 2.36 V              ; -0.00279 V          ; 0.143 V                              ; 0.015 V                              ; 8.42e-10 s                  ; 1.06e-09 s                  ; No                         ; Yes                        ; 2.32 V                      ; 2.76e-06 V                  ; 2.36 V             ; -0.00279 V         ; 0.143 V                             ; 0.015 V                             ; 8.42e-10 s                 ; 1.06e-09 s                 ; No                        ; Yes                       ;
; GPIO2[11]      ; 2.5 V        ; 0 s                 ; 0 s                 ; 2.32 V                       ; 2.76e-06 V                   ; 2.35 V              ; -0.00325 V          ; 0.194 V                              ; 0.03 V                               ; 8.84e-10 s                  ; 1.2e-09 s                   ; No                         ; Yes                        ; 2.32 V                      ; 2.76e-06 V                  ; 2.35 V             ; -0.00325 V         ; 0.194 V                             ; 0.03 V                              ; 8.84e-10 s                 ; 1.2e-09 s                  ; No                        ; Yes                       ;
; GPIO2[12]      ; 2.5 V        ; 0 s                 ; 0 s                 ; 2.32 V                       ; 2.76e-06 V                   ; 2.36 V              ; -0.00279 V          ; 0.143 V                              ; 0.015 V                              ; 8.42e-10 s                  ; 1.06e-09 s                  ; No                         ; Yes                        ; 2.32 V                      ; 2.76e-06 V                  ; 2.36 V             ; -0.00279 V         ; 0.143 V                             ; 0.015 V                             ; 8.42e-10 s                 ; 1.06e-09 s                 ; No                        ; Yes                       ;
; GPIO2[13]      ; 2.5 V        ; 0 s                 ; 0 s                 ; 2.32 V                       ; 2.76e-06 V                   ; 2.36 V              ; -0.00306 V          ; 0.194 V                              ; 0.031 V                              ; 8.84e-10 s                  ; 1.2e-09 s                   ; No                         ; Yes                        ; 2.32 V                      ; 2.76e-06 V                  ; 2.36 V             ; -0.00306 V         ; 0.194 V                             ; 0.031 V                             ; 8.84e-10 s                 ; 1.2e-09 s                  ; No                        ; Yes                       ;
; GPIO2[14]      ; 2.5 V        ; 0 s                 ; 0 s                 ; 2.32 V                       ; 2.76e-06 V                   ; 2.36 V              ; -0.00222 V          ; 0.143 V                              ; 0.015 V                              ; 8.41e-10 s                  ; 1.06e-09 s                  ; No                         ; Yes                        ; 2.32 V                      ; 2.76e-06 V                  ; 2.36 V             ; -0.00222 V         ; 0.143 V                             ; 0.015 V                             ; 8.41e-10 s                 ; 1.06e-09 s                 ; No                        ; Yes                       ;
; GPIO2[15]      ; 2.5 V        ; 0 s                 ; 0 s                 ; 2.32 V                       ; 2.76e-06 V                   ; 2.36 V              ; -0.00279 V          ; 0.143 V                              ; 0.015 V                              ; 8.42e-10 s                  ; 1.06e-09 s                  ; No                         ; Yes                        ; 2.32 V                      ; 2.76e-06 V                  ; 2.36 V             ; -0.00279 V         ; 0.143 V                             ; 0.015 V                             ; 8.42e-10 s                 ; 1.06e-09 s                 ; No                        ; Yes                       ;
; GPIO2[16]      ; 2.5 V        ; 0 s                 ; 0 s                 ; 2.32 V                       ; 2.76e-06 V                   ; 2.36 V              ; -0.00222 V          ; 0.143 V                              ; 0.015 V                              ; 8.41e-10 s                  ; 1.06e-09 s                  ; No                         ; Yes                        ; 2.32 V                      ; 2.76e-06 V                  ; 2.36 V             ; -0.00222 V         ; 0.143 V                             ; 0.015 V                             ; 8.41e-10 s                 ; 1.06e-09 s                 ; No                        ; Yes                       ;
; GPIO2[17]      ; 2.5 V        ; 0 s                 ; 0 s                 ; 2.32 V                       ; 2.76e-06 V                   ; 2.36 V              ; -0.00222 V          ; 0.143 V                              ; 0.015 V                              ; 8.41e-10 s                  ; 1.06e-09 s                  ; No                         ; Yes                        ; 2.32 V                      ; 2.76e-06 V                  ; 2.36 V             ; -0.00222 V         ; 0.143 V                             ; 0.015 V                             ; 8.41e-10 s                 ; 1.06e-09 s                 ; No                        ; Yes                       ;
; GPIO2[18]      ; 2.5 V        ; 0 s                 ; 0 s                 ; 2.32 V                       ; 2.76e-06 V                   ; 2.35 V              ; -0.00325 V          ; 0.194 V                              ; 0.03 V                               ; 8.84e-10 s                  ; 1.2e-09 s                   ; No                         ; Yes                        ; 2.32 V                      ; 2.76e-06 V                  ; 2.35 V             ; -0.00325 V         ; 0.194 V                             ; 0.03 V                              ; 8.84e-10 s                 ; 1.2e-09 s                  ; No                        ; Yes                       ;
; GPIO2[19]      ; 2.5 V        ; 0 s                 ; 0 s                 ; 2.32 V                       ; 2.76e-06 V                   ; 2.36 V              ; -0.00222 V          ; 0.143 V                              ; 0.015 V                              ; 8.41e-10 s                  ; 1.06e-09 s                  ; No                         ; Yes                        ; 2.32 V                      ; 2.76e-06 V                  ; 2.36 V             ; -0.00222 V         ; 0.143 V                             ; 0.015 V                             ; 8.41e-10 s                 ; 1.06e-09 s                 ; No                        ; Yes                       ;
; GPIO2[20]      ; 2.5 V        ; 0 s                 ; 0 s                 ; 2.32 V                       ; 2.76e-06 V                   ; 2.36 V              ; -0.00279 V          ; 0.143 V                              ; 0.015 V                              ; 8.42e-10 s                  ; 1.06e-09 s                  ; No                         ; Yes                        ; 2.32 V                      ; 2.76e-06 V                  ; 2.36 V             ; -0.00279 V         ; 0.143 V                             ; 0.015 V                             ; 8.42e-10 s                 ; 1.06e-09 s                 ; No                        ; Yes                       ;
; GPIO2[21]      ; 2.5 V        ; 0 s                 ; 0 s                 ; 2.32 V                       ; 2.76e-06 V                   ; 2.36 V              ; -0.00222 V          ; 0.143 V                              ; 0.015 V                              ; 8.41e-10 s                  ; 1.06e-09 s                  ; No                         ; Yes                        ; 2.32 V                      ; 2.76e-06 V                  ; 2.36 V             ; -0.00222 V         ; 0.143 V                             ; 0.015 V                             ; 8.41e-10 s                 ; 1.06e-09 s                 ; No                        ; Yes                       ;
; GPIO2[22]      ; 2.5 V        ; 0 s                 ; 0 s                 ; 2.32 V                       ; 2.76e-06 V                   ; 2.36 V              ; -0.00222 V          ; 0.143 V                              ; 0.015 V                              ; 8.41e-10 s                  ; 1.06e-09 s                  ; No                         ; Yes                        ; 2.32 V                      ; 2.76e-06 V                  ; 2.36 V             ; -0.00222 V         ; 0.143 V                             ; 0.015 V                             ; 8.41e-10 s                 ; 1.06e-09 s                 ; No                        ; Yes                       ;
; GPIO2[23]      ; 2.5 V        ; 0 s                 ; 0 s                 ; 2.32 V                       ; 2.76e-06 V                   ; 2.35 V              ; -0.00325 V          ; 0.194 V                              ; 0.03 V                               ; 8.84e-10 s                  ; 1.2e-09 s                   ; No                         ; Yes                        ; 2.32 V                      ; 2.76e-06 V                  ; 2.35 V             ; -0.00325 V         ; 0.194 V                             ; 0.03 V                              ; 8.84e-10 s                 ; 1.2e-09 s                  ; No                        ; Yes                       ;
; GPIO2[24]      ; 2.5 V        ; 0 s                 ; 0 s                 ; 2.32 V                       ; 2.76e-06 V                   ; 2.36 V              ; -0.00306 V          ; 0.194 V                              ; 0.031 V                              ; 8.84e-10 s                  ; 1.2e-09 s                   ; No                         ; Yes                        ; 2.32 V                      ; 2.76e-06 V                  ; 2.36 V             ; -0.00306 V         ; 0.194 V                             ; 0.031 V                             ; 8.84e-10 s                 ; 1.2e-09 s                  ; No                        ; Yes                       ;
; GPIO2[25]      ; 2.5 V        ; 0 s                 ; 0 s                 ; 2.32 V                       ; 2.76e-06 V                   ; 2.36 V              ; -0.00222 V          ; 0.143 V                              ; 0.015 V                              ; 8.41e-10 s                  ; 1.06e-09 s                  ; No                         ; Yes                        ; 2.32 V                      ; 2.76e-06 V                  ; 2.36 V             ; -0.00222 V         ; 0.143 V                             ; 0.015 V                             ; 8.41e-10 s                 ; 1.06e-09 s                 ; No                        ; Yes                       ;
; GPIO2[26]      ; 2.5 V        ; 0 s                 ; 0 s                 ; 2.32 V                       ; 2.76e-06 V                   ; 2.36 V              ; -0.00279 V          ; 0.143 V                              ; 0.015 V                              ; 8.42e-10 s                  ; 1.06e-09 s                  ; No                         ; Yes                        ; 2.32 V                      ; 2.76e-06 V                  ; 2.36 V             ; -0.00279 V         ; 0.143 V                             ; 0.015 V                             ; 8.42e-10 s                 ; 1.06e-09 s                 ; No                        ; Yes                       ;
; GPIO2[27]      ; 2.5 V        ; 0 s                 ; 0 s                 ; 2.32 V                       ; 2.76e-06 V                   ; 2.36 V              ; -0.00222 V          ; 0.143 V                              ; 0.015 V                              ; 8.41e-10 s                  ; 1.06e-09 s                  ; No                         ; Yes                        ; 2.32 V                      ; 2.76e-06 V                  ; 2.36 V             ; -0.00222 V         ; 0.143 V                             ; 0.015 V                             ; 8.41e-10 s                 ; 1.06e-09 s                 ; No                        ; Yes                       ;
; GPIO2[28]      ; 2.5 V        ; 0 s                 ; 0 s                 ; 2.32 V                       ; 2.76e-06 V                   ; 2.36 V              ; -0.00279 V          ; 0.143 V                              ; 0.015 V                              ; 8.42e-10 s                  ; 1.06e-09 s                  ; No                         ; Yes                        ; 2.32 V                      ; 2.76e-06 V                  ; 2.36 V             ; -0.00279 V         ; 0.143 V                             ; 0.015 V                             ; 8.42e-10 s                 ; 1.06e-09 s                 ; No                        ; Yes                       ;
; GPIO2[29]      ; 2.5 V        ; 0 s                 ; 0 s                 ; 2.32 V                       ; 2.76e-06 V                   ; 2.36 V              ; -0.00222 V          ; 0.143 V                              ; 0.015 V                              ; 8.41e-10 s                  ; 1.06e-09 s                  ; No                         ; Yes                        ; 2.32 V                      ; 2.76e-06 V                  ; 2.36 V             ; -0.00222 V         ; 0.143 V                             ; 0.015 V                             ; 8.41e-10 s                 ; 1.06e-09 s                 ; No                        ; Yes                       ;
; GPIO2[30]      ; 2.5 V        ; 0 s                 ; 0 s                 ; 2.32 V                       ; 2.76e-06 V                   ; 2.36 V              ; -0.00222 V          ; 0.143 V                              ; 0.015 V                              ; 8.41e-10 s                  ; 1.06e-09 s                  ; No                         ; Yes                        ; 2.32 V                      ; 2.76e-06 V                  ; 2.36 V             ; -0.00222 V         ; 0.143 V                             ; 0.015 V                             ; 8.41e-10 s                 ; 1.06e-09 s                 ; No                        ; Yes                       ;
; GPIO2[31]      ; 2.5 V        ; 0 s                 ; 0 s                 ; 2.32 V                       ; 2.76e-06 V                   ; 2.36 V              ; -0.00279 V          ; 0.143 V                              ; 0.015 V                              ; 8.42e-10 s                  ; 1.06e-09 s                  ; No                         ; Yes                        ; 2.32 V                      ; 2.76e-06 V                  ; 2.36 V             ; -0.00279 V         ; 0.143 V                             ; 0.015 V                             ; 8.42e-10 s                 ; 1.06e-09 s                 ; No                        ; Yes                       ;
; I2C0_SCL       ; 2.5 V        ; 0 s                 ; 0 s                 ; 2.32 V                       ; 2.76e-06 V                   ; 2.36 V              ; -0.00279 V          ; 0.143 V                              ; 0.015 V                              ; 8.42e-10 s                  ; 1.06e-09 s                  ; No                         ; Yes                        ; 2.32 V                      ; 2.76e-06 V                  ; 2.36 V             ; -0.00279 V         ; 0.143 V                             ; 0.015 V                             ; 8.42e-10 s                 ; 1.06e-09 s                 ; No                        ; Yes                       ;
; I2C0_SDA       ; 2.5 V        ; 0 s                 ; 0 s                 ; 2.32 V                       ; 2.76e-06 V                   ; 2.36 V              ; -0.00306 V          ; 0.194 V                              ; 0.031 V                              ; 8.84e-10 s                  ; 1.2e-09 s                   ; No                         ; Yes                        ; 2.32 V                      ; 2.76e-06 V                  ; 2.36 V             ; -0.00306 V         ; 0.194 V                             ; 0.031 V                             ; 8.84e-10 s                 ; 1.2e-09 s                  ; No                        ; Yes                       ;
; I2C1_SCL       ; 2.5 V        ; 0 s                 ; 0 s                 ; 2.32 V                       ; 2.76e-06 V                   ; 2.36 V              ; -0.00279 V          ; 0.143 V                              ; 0.015 V                              ; 8.42e-10 s                  ; 1.06e-09 s                  ; No                         ; Yes                        ; 2.32 V                      ; 2.76e-06 V                  ; 2.36 V             ; -0.00279 V         ; 0.143 V                             ; 0.015 V                             ; 8.42e-10 s                 ; 1.06e-09 s                 ; No                        ; Yes                       ;
; I2C1_SDA       ; 2.5 V        ; 0 s                 ; 0 s                 ; 2.32 V                       ; 2.76e-06 V                   ; 2.36 V              ; -0.00222 V          ; 0.143 V                              ; 0.015 V                              ; 8.41e-10 s                  ; 1.06e-09 s                  ; No                         ; Yes                        ; 2.32 V                      ; 2.76e-06 V                  ; 2.36 V             ; -0.00222 V         ; 0.143 V                             ; 0.015 V                             ; 8.41e-10 s                 ; 1.06e-09 s                 ; No                        ; Yes                       ;
; SDRAM_DQ[0]    ; 2.5 V        ; 0 s                 ; 0 s                 ; 2.32 V                       ; 2.76e-06 V                   ; 2.36 V              ; -0.00222 V          ; 0.143 V                              ; 0.015 V                              ; 8.41e-10 s                  ; 1.06e-09 s                  ; No                         ; Yes                        ; 2.32 V                      ; 2.76e-06 V                  ; 2.36 V             ; -0.00222 V         ; 0.143 V                             ; 0.015 V                             ; 8.41e-10 s                 ; 1.06e-09 s                 ; No                        ; Yes                       ;
; SDRAM_DQ[1]    ; 2.5 V        ; 0 s                 ; 0 s                 ; 2.32 V                       ; 2.76e-06 V                   ; 2.36 V              ; -0.00279 V          ; 0.143 V                              ; 0.015 V                              ; 8.42e-10 s                  ; 1.06e-09 s                  ; No                         ; Yes                        ; 2.32 V                      ; 2.76e-06 V                  ; 2.36 V             ; -0.00279 V         ; 0.143 V                             ; 0.015 V                             ; 8.42e-10 s                 ; 1.06e-09 s                 ; No                        ; Yes                       ;
; SDRAM_DQ[2]    ; 2.5 V        ; 0 s                 ; 0 s                 ; 2.32 V                       ; 2.76e-06 V                   ; 2.36 V              ; -0.00222 V          ; 0.143 V                              ; 0.015 V                              ; 8.41e-10 s                  ; 1.06e-09 s                  ; No                         ; Yes                        ; 2.32 V                      ; 2.76e-06 V                  ; 2.36 V             ; -0.00222 V         ; 0.143 V                             ; 0.015 V                             ; 8.41e-10 s                 ; 1.06e-09 s                 ; No                        ; Yes                       ;
; SDRAM_DQ[3]    ; 2.5 V        ; 0 s                 ; 0 s                 ; 2.32 V                       ; 2.76e-06 V                   ; 2.36 V              ; -0.00279 V          ; 0.143 V                              ; 0.015 V                              ; 8.42e-10 s                  ; 1.06e-09 s                  ; No                         ; Yes                        ; 2.32 V                      ; 2.76e-06 V                  ; 2.36 V             ; -0.00279 V         ; 0.143 V                             ; 0.015 V                             ; 8.42e-10 s                 ; 1.06e-09 s                 ; No                        ; Yes                       ;
; SDRAM_DQ[4]    ; 2.5 V        ; 0 s                 ; 0 s                 ; 2.32 V                       ; 2.76e-06 V                   ; 2.36 V              ; -0.00279 V          ; 0.143 V                              ; 0.015 V                              ; 8.42e-10 s                  ; 1.06e-09 s                  ; No                         ; Yes                        ; 2.32 V                      ; 2.76e-06 V                  ; 2.36 V             ; -0.00279 V         ; 0.143 V                             ; 0.015 V                             ; 8.42e-10 s                 ; 1.06e-09 s                 ; No                        ; Yes                       ;
; SDRAM_DQ[5]    ; 2.5 V        ; 0 s                 ; 0 s                 ; 2.32 V                       ; 2.76e-06 V                   ; 2.36 V              ; -0.00222 V          ; 0.143 V                              ; 0.015 V                              ; 8.41e-10 s                  ; 1.06e-09 s                  ; No                         ; Yes                        ; 2.32 V                      ; 2.76e-06 V                  ; 2.36 V             ; -0.00222 V         ; 0.143 V                             ; 0.015 V                             ; 8.41e-10 s                 ; 1.06e-09 s                 ; No                        ; Yes                       ;
; SDRAM_DQ[6]    ; 2.5 V        ; 0 s                 ; 0 s                 ; 2.32 V                       ; 2.76e-06 V                   ; 2.36 V              ; -0.00222 V          ; 0.143 V                              ; 0.015 V                              ; 8.41e-10 s                  ; 1.06e-09 s                  ; No                         ; Yes                        ; 2.32 V                      ; 2.76e-06 V                  ; 2.36 V             ; -0.00222 V         ; 0.143 V                             ; 0.015 V                             ; 8.41e-10 s                 ; 1.06e-09 s                 ; No                        ; Yes                       ;
; SDRAM_DQ[7]    ; 2.5 V        ; 0 s                 ; 0 s                 ; 2.32 V                       ; 2.76e-06 V                   ; 2.36 V              ; -0.00279 V          ; 0.143 V                              ; 0.015 V                              ; 8.42e-10 s                  ; 1.06e-09 s                  ; No                         ; Yes                        ; 2.32 V                      ; 2.76e-06 V                  ; 2.36 V             ; -0.00279 V         ; 0.143 V                             ; 0.015 V                             ; 8.42e-10 s                 ; 1.06e-09 s                 ; No                        ; Yes                       ;
; SDRAM_DQ[8]    ; 2.5 V        ; 0 s                 ; 0 s                 ; 2.32 V                       ; 2.76e-06 V                   ; 2.36 V              ; -0.00279 V          ; 0.143 V                              ; 0.015 V                              ; 8.42e-10 s                  ; 1.06e-09 s                  ; No                         ; Yes                        ; 2.32 V                      ; 2.76e-06 V                  ; 2.36 V             ; -0.00279 V         ; 0.143 V                             ; 0.015 V                             ; 8.42e-10 s                 ; 1.06e-09 s                 ; No                        ; Yes                       ;
; SDRAM_DQ[9]    ; 2.5 V        ; 0 s                 ; 0 s                 ; 2.32 V                       ; 2.76e-06 V                   ; 2.36 V              ; -0.00279 V          ; 0.143 V                              ; 0.015 V                              ; 8.42e-10 s                  ; 1.06e-09 s                  ; No                         ; Yes                        ; 2.32 V                      ; 2.76e-06 V                  ; 2.36 V             ; -0.00279 V         ; 0.143 V                             ; 0.015 V                             ; 8.42e-10 s                 ; 1.06e-09 s                 ; No                        ; Yes                       ;
; SDRAM_DQ[10]   ; 2.5 V        ; 0 s                 ; 0 s                 ; 2.32 V                       ; 2.76e-06 V                   ; 2.36 V              ; -0.00222 V          ; 0.143 V                              ; 0.015 V                              ; 8.41e-10 s                  ; 1.06e-09 s                  ; No                         ; Yes                        ; 2.32 V                      ; 2.76e-06 V                  ; 2.36 V             ; -0.00222 V         ; 0.143 V                             ; 0.015 V                             ; 8.41e-10 s                 ; 1.06e-09 s                 ; No                        ; Yes                       ;
; SDRAM_DQ[11]   ; 2.5 V        ; 0 s                 ; 0 s                 ; 2.32 V                       ; 2.76e-06 V                   ; 2.36 V              ; -0.00279 V          ; 0.143 V                              ; 0.015 V                              ; 8.42e-10 s                  ; 1.06e-09 s                  ; No                         ; Yes                        ; 2.32 V                      ; 2.76e-06 V                  ; 2.36 V             ; -0.00279 V         ; 0.143 V                             ; 0.015 V                             ; 8.42e-10 s                 ; 1.06e-09 s                 ; No                        ; Yes                       ;
; SDRAM_DQ[12]   ; 2.5 V        ; 0 s                 ; 0 s                 ; 2.32 V                       ; 2.76e-06 V                   ; 2.36 V              ; -0.00279 V          ; 0.143 V                              ; 0.015 V                              ; 8.42e-10 s                  ; 1.06e-09 s                  ; No                         ; Yes                        ; 2.32 V                      ; 2.76e-06 V                  ; 2.36 V             ; -0.00279 V         ; 0.143 V                             ; 0.015 V                             ; 8.42e-10 s                 ; 1.06e-09 s                 ; No                        ; Yes                       ;
; SDRAM_DQ[13]   ; 2.5 V        ; 0 s                 ; 0 s                 ; 2.32 V                       ; 2.76e-06 V                   ; 2.36 V              ; -0.00279 V          ; 0.143 V                              ; 0.015 V                              ; 8.42e-10 s                  ; 1.06e-09 s                  ; No                         ; Yes                        ; 2.32 V                      ; 2.76e-06 V                  ; 2.36 V             ; -0.00279 V         ; 0.143 V                             ; 0.015 V                             ; 8.42e-10 s                 ; 1.06e-09 s                 ; No                        ; Yes                       ;
; SDRAM_DQ[14]   ; 2.5 V        ; 0 s                 ; 0 s                 ; 2.32 V                       ; 2.76e-06 V                   ; 2.36 V              ; -0.00222 V          ; 0.143 V                              ; 0.015 V                              ; 8.41e-10 s                  ; 1.06e-09 s                  ; No                         ; Yes                        ; 2.32 V                      ; 2.76e-06 V                  ; 2.36 V             ; -0.00222 V         ; 0.143 V                             ; 0.015 V                             ; 8.41e-10 s                 ; 1.06e-09 s                 ; No                        ; Yes                       ;
; SDRAM_DQ[15]   ; 2.5 V        ; 0 s                 ; 0 s                 ; 2.32 V                       ; 2.76e-06 V                   ; 2.36 V              ; -0.00222 V          ; 0.143 V                              ; 0.015 V                              ; 8.41e-10 s                  ; 1.06e-09 s                  ; No                         ; Yes                        ; 2.32 V                      ; 2.76e-06 V                  ; 2.36 V             ; -0.00222 V         ; 0.143 V                             ; 0.015 V                             ; 8.41e-10 s                 ; 1.06e-09 s                 ; No                        ; Yes                       ;
; ~ALTERA_TDO~   ; 2.5 V        ; 0 s                 ; 0 s                 ; 2.32 V                       ; 1.97e-06 V                   ; 2.36 V              ; -0.0173 V           ; 0.144 V                              ; 0.094 V                              ; 6.44e-10 s                  ; 7.2e-10 s                   ; No                         ; Yes                        ; 2.32 V                      ; 1.97e-06 V                  ; 2.36 V             ; -0.0173 V          ; 0.144 V                             ; 0.094 V                             ; 6.44e-10 s                 ; 7.2e-10 s                  ; No                        ; Yes                       ;
+----------------+--------------+---------------------+---------------------+------------------------------+------------------------------+---------------------+---------------------+--------------------------------------+--------------------------------------+-----------------------------+-----------------------------+----------------------------+----------------------------+-----------------------------+-----------------------------+--------------------+--------------------+-------------------------------------+-------------------------------------+----------------------------+----------------------------+---------------------------+---------------------------+


+---------------------------------------------------------------------------------------------------------------------------------------------------------------------------------------------------------------------------------------------------------------------------------------------------------------------------------------------------------------------------------------------------------------------------------------------------------------------------------------------------------------------------------------------------------------------------------------------------------------------------------------------------------------------------------------------+
; Signal Integrity Metrics (Fast 1200mv 0c Model)                                                                                                                                                                                                                                                                                                                                                                                                                                                                                                                                                                                                                                             ;
+----------------+--------------+---------------------+---------------------+------------------------------+------------------------------+---------------------+---------------------+--------------------------------------+--------------------------------------+-----------------------------+-----------------------------+----------------------------+----------------------------+-----------------------------+-----------------------------+--------------------+--------------------+-------------------------------------+-------------------------------------+----------------------------+----------------------------+---------------------------+---------------------------+
; Pin            ; I/O Standard ; Board Delay on Rise ; Board Delay on Fall ; Steady State Voh at FPGA Pin ; Steady State Vol at FPGA Pin ; Voh Max at FPGA Pin ; Vol Min at FPGA Pin ; Ringback Voltage on Rise at FPGA Pin ; Ringback Voltage on Fall at FPGA Pin ; 10-90 Rise Time at FPGA Pin ; 90-10 Fall Time at FPGA Pin ; Monotonic Rise at FPGA Pin ; Monotonic Fall at FPGA Pin ; Steady State Voh at Far-end ; Steady State Vol at Far-end ; Voh Max at Far-end ; Vol Min at Far-end ; Ringback Voltage on Rise at Far-end ; Ringback Voltage on Fall at Far-end ; 10-90 Rise Time at Far-end ; 90-10 Fall Time at Far-end ; Monotonic Rise at Far-end ; Monotonic Fall at Far-end ;
+----------------+--------------+---------------------+---------------------+------------------------------+------------------------------+---------------------+---------------------+--------------------------------------+--------------------------------------+-----------------------------+-----------------------------+----------------------------+----------------------------+-----------------------------+-----------------------------+--------------------+--------------------+-------------------------------------+-------------------------------------+----------------------------+----------------------------+---------------------------+---------------------------+
; STBY_ACK_N     ; 2.5 V        ; 0 s                 ; 0 s                 ; 2.62 V                       ; 2.35e-07 V                   ; 2.72 V              ; -0.036 V            ; 0.26 V                               ; 0.2 V                                ; 4.68e-10 s                  ; 6.71e-10 s                  ; No                         ; Yes                        ; 2.62 V                      ; 2.35e-07 V                  ; 2.72 V             ; -0.036 V           ; 0.26 V                              ; 0.2 V                               ; 4.68e-10 s                 ; 6.71e-10 s                 ; No                        ; Yes                       ;
; RESOUT_N       ; 2.5 V        ; 0 s                 ; 0 s                 ; 2.62 V                       ; 2.35e-07 V                   ; 2.72 V              ; -0.036 V            ; 0.26 V                               ; 0.2 V                                ; 4.68e-10 s                  ; 6.71e-10 s                  ; No                         ; Yes                        ; 2.62 V                      ; 2.35e-07 V                  ; 2.72 V             ; -0.036 V           ; 0.26 V                              ; 0.2 V                               ; 4.68e-10 s                 ; 6.71e-10 s                 ; No                        ; Yes                       ;
; TDO            ; 2.5 V        ; 0 s                 ; 0 s                 ; 2.62 V                       ; 2.35e-07 V                   ; 2.72 V              ; -0.037 V            ; 0.262 V                              ; 0.199 V                              ; 4.69e-10 s                  ; 6.73e-10 s                  ; No                         ; Yes                        ; 2.62 V                      ; 2.35e-07 V                  ; 2.72 V             ; -0.037 V           ; 0.262 V                             ; 0.199 V                             ; 4.69e-10 s                 ; 6.73e-10 s                 ; No                        ; Yes                       ;
; TCKC_pri       ; 2.5 V        ; 0 s                 ; 0 s                 ; 2.62 V                       ; 2.35e-07 V                   ; 2.72 V              ; -0.036 V            ; 0.26 V                               ; 0.2 V                                ; 4.68e-10 s                  ; 6.71e-10 s                  ; No                         ; Yes                        ; 2.62 V                      ; 2.35e-07 V                  ; 2.72 V             ; -0.036 V           ; 0.26 V                              ; 0.2 V                               ; 4.68e-10 s                 ; 6.71e-10 s                 ; No                        ; Yes                       ;
; TMSC_PUP_rep   ; 2.5 V        ; 0 s                 ; 0 s                 ; 2.62 V                       ; 9.94e-08 V                   ; 2.78 V              ; -0.0444 V           ; 0.25 V                               ; 0.107 V                              ; 2.67e-10 s                  ; 2.75e-10 s                  ; No                         ; Yes                        ; 2.62 V                      ; 9.94e-08 V                  ; 2.78 V             ; -0.0444 V          ; 0.25 V                              ; 0.107 V                             ; 2.67e-10 s                 ; 2.75e-10 s                 ; No                        ; Yes                       ;
; TMSC_PDN_rep   ; 2.5 V        ; 0 s                 ; 0 s                 ; 2.62 V                       ; 9.95e-08 V                   ; 2.78 V              ; -0.0452 V           ; 0.248 V                              ; 0.108 V                              ; 2.67e-10 s                  ; 2.75e-10 s                  ; No                         ; Yes                        ; 2.62 V                      ; 9.95e-08 V                  ; 2.78 V             ; -0.0452 V          ; 0.248 V                             ; 0.108 V                             ; 2.67e-10 s                 ; 2.75e-10 s                 ; No                        ; Yes                       ;
; TXD            ; 2.5 V        ; 0 s                 ; 0 s                 ; 2.62 V                       ; 2.35e-07 V                   ; 2.71 V              ; -0.034 V            ; 0.324 V                              ; 0.132 V                              ; 4.92e-10 s                  ; 8.3e-10 s                   ; No                         ; No                         ; 2.62 V                      ; 2.35e-07 V                  ; 2.71 V             ; -0.034 V           ; 0.324 V                             ; 0.132 V                             ; 4.92e-10 s                 ; 8.3e-10 s                  ; No                        ; No                        ;
; I2C0_ENA       ; 2.5 V        ; 0 s                 ; 0 s                 ; 2.62 V                       ; 2.35e-07 V                   ; 2.72 V              ; -0.037 V            ; 0.262 V                              ; 0.199 V                              ; 4.69e-10 s                  ; 6.73e-10 s                  ; No                         ; Yes                        ; 2.62 V                      ; 2.35e-07 V                  ; 2.72 V             ; -0.037 V           ; 0.262 V                             ; 0.199 V                             ; 4.69e-10 s                 ; 6.73e-10 s                 ; No                        ; Yes                       ;
; I2C0_ADR       ; 2.5 V        ; 0 s                 ; 0 s                 ; 2.62 V                       ; 2.35e-07 V                   ; 2.71 V              ; -0.034 V            ; 0.324 V                              ; 0.132 V                              ; 4.92e-10 s                  ; 8.3e-10 s                   ; No                         ; No                         ; 2.62 V                      ; 2.35e-07 V                  ; 2.71 V             ; -0.034 V           ; 0.324 V                             ; 0.132 V                             ; 4.92e-10 s                 ; 8.3e-10 s                  ; No                        ; No                        ;
; SPI_CSN[0]     ; 2.5 V        ; 0 s                 ; 0 s                 ; 2.62 V                       ; 2.35e-07 V                   ; 2.72 V              ; -0.037 V            ; 0.262 V                              ; 0.199 V                              ; 4.69e-10 s                  ; 6.73e-10 s                  ; No                         ; Yes                        ; 2.62 V                      ; 2.35e-07 V                  ; 2.72 V             ; -0.037 V           ; 0.262 V                             ; 0.199 V                             ; 4.69e-10 s                 ; 6.73e-10 s                 ; No                        ; Yes                       ;
; SPI_CSN[1]     ; 2.5 V        ; 0 s                 ; 0 s                 ; 2.62 V                       ; 2.35e-07 V                   ; 2.71 V              ; -0.0343 V           ; 0.325 V                              ; 0.133 V                              ; 4.93e-10 s                  ; 8.31e-10 s                  ; No                         ; No                         ; 2.62 V                      ; 2.35e-07 V                  ; 2.71 V             ; -0.0343 V          ; 0.325 V                             ; 0.133 V                             ; 4.93e-10 s                 ; 8.31e-10 s                 ; No                        ; No                        ;
; SPI_CSN[2]     ; 2.5 V        ; 0 s                 ; 0 s                 ; 2.62 V                       ; 2.35e-07 V                   ; 2.72 V              ; -0.037 V            ; 0.262 V                              ; 0.199 V                              ; 4.69e-10 s                  ; 6.73e-10 s                  ; No                         ; Yes                        ; 2.62 V                      ; 2.35e-07 V                  ; 2.72 V             ; -0.037 V           ; 0.262 V                             ; 0.199 V                             ; 4.69e-10 s                 ; 6.73e-10 s                 ; No                        ; Yes                       ;
; SPI_CSN[3]     ; 2.5 V        ; 0 s                 ; 0 s                 ; 2.62 V                       ; 2.35e-07 V                   ; 2.72 V              ; -0.036 V            ; 0.26 V                               ; 0.2 V                                ; 4.68e-10 s                  ; 6.71e-10 s                  ; No                         ; Yes                        ; 2.62 V                      ; 2.35e-07 V                  ; 2.72 V             ; -0.036 V           ; 0.26 V                              ; 0.2 V                               ; 4.68e-10 s                 ; 6.71e-10 s                 ; No                        ; Yes                       ;
; SPI_SCK        ; 2.5 V        ; 0 s                 ; 0 s                 ; 2.62 V                       ; 2.35e-07 V                   ; 2.72 V              ; -0.036 V            ; 0.26 V                               ; 0.2 V                                ; 4.68e-10 s                  ; 6.71e-10 s                  ; No                         ; Yes                        ; 2.62 V                      ; 2.35e-07 V                  ; 2.72 V             ; -0.036 V           ; 0.26 V                              ; 0.2 V                               ; 4.68e-10 s                 ; 6.71e-10 s                 ; No                        ; Yes                       ;
; SPI_MOSI       ; 2.5 V        ; 0 s                 ; 0 s                 ; 2.62 V                       ; 2.35e-07 V                   ; 2.72 V              ; -0.037 V            ; 0.262 V                              ; 0.199 V                              ; 4.69e-10 s                  ; 6.73e-10 s                  ; No                         ; Yes                        ; 2.62 V                      ; 2.35e-07 V                  ; 2.72 V             ; -0.037 V           ; 0.262 V                             ; 0.199 V                             ; 4.69e-10 s                 ; 6.73e-10 s                 ; No                        ; Yes                       ;
; SDRAM_CLK      ; 2.5 V        ; 0 s                 ; 0 s                 ; 2.62 V                       ; 2.35e-07 V                   ; 2.72 V              ; -0.036 V            ; 0.26 V                               ; 0.2 V                                ; 4.68e-10 s                  ; 6.71e-10 s                  ; No                         ; Yes                        ; 2.62 V                      ; 2.35e-07 V                  ; 2.72 V             ; -0.036 V           ; 0.26 V                              ; 0.2 V                               ; 4.68e-10 s                 ; 6.71e-10 s                 ; No                        ; Yes                       ;
; SDRAM_CKE      ; 2.5 V        ; 0 s                 ; 0 s                 ; 2.62 V                       ; 2.35e-07 V                   ; 2.72 V              ; -0.037 V            ; 0.262 V                              ; 0.199 V                              ; 4.69e-10 s                  ; 6.73e-10 s                  ; No                         ; Yes                        ; 2.62 V                      ; 2.35e-07 V                  ; 2.72 V             ; -0.037 V           ; 0.262 V                             ; 0.199 V                             ; 4.69e-10 s                 ; 6.73e-10 s                 ; No                        ; Yes                       ;
; SDRAM_CSn      ; 2.5 V        ; 0 s                 ; 0 s                 ; 2.62 V                       ; 2.35e-07 V                   ; 2.72 V              ; -0.037 V            ; 0.262 V                              ; 0.199 V                              ; 4.69e-10 s                  ; 6.73e-10 s                  ; No                         ; Yes                        ; 2.62 V                      ; 2.35e-07 V                  ; 2.72 V             ; -0.037 V           ; 0.262 V                             ; 0.199 V                             ; 4.69e-10 s                 ; 6.73e-10 s                 ; No                        ; Yes                       ;
; SDRAM_DQM[0]   ; 2.5 V        ; 0 s                 ; 0 s                 ; 2.62 V                       ; 2.35e-07 V                   ; 2.72 V              ; -0.037 V            ; 0.262 V                              ; 0.199 V                              ; 4.69e-10 s                  ; 6.73e-10 s                  ; No                         ; Yes                        ; 2.62 V                      ; 2.35e-07 V                  ; 2.72 V             ; -0.037 V           ; 0.262 V                             ; 0.199 V                             ; 4.69e-10 s                 ; 6.73e-10 s                 ; No                        ; Yes                       ;
; SDRAM_DQM[1]   ; 2.5 V        ; 0 s                 ; 0 s                 ; 2.62 V                       ; 2.35e-07 V                   ; 2.72 V              ; -0.037 V            ; 0.262 V                              ; 0.199 V                              ; 4.69e-10 s                  ; 6.73e-10 s                  ; No                         ; Yes                        ; 2.62 V                      ; 2.35e-07 V                  ; 2.72 V             ; -0.037 V           ; 0.262 V                             ; 0.199 V                             ; 4.69e-10 s                 ; 6.73e-10 s                 ; No                        ; Yes                       ;
; SDRAM_RASn     ; 2.5 V        ; 0 s                 ; 0 s                 ; 2.62 V                       ; 2.35e-07 V                   ; 2.72 V              ; -0.037 V            ; 0.262 V                              ; 0.199 V                              ; 4.69e-10 s                  ; 6.73e-10 s                  ; No                         ; Yes                        ; 2.62 V                      ; 2.35e-07 V                  ; 2.72 V             ; -0.037 V           ; 0.262 V                             ; 0.199 V                             ; 4.69e-10 s                 ; 6.73e-10 s                 ; No                        ; Yes                       ;
; SDRAM_CASn     ; 2.5 V        ; 0 s                 ; 0 s                 ; 2.62 V                       ; 2.35e-07 V                   ; 2.72 V              ; -0.036 V            ; 0.26 V                               ; 0.2 V                                ; 4.68e-10 s                  ; 6.71e-10 s                  ; No                         ; Yes                        ; 2.62 V                      ; 2.35e-07 V                  ; 2.72 V             ; -0.036 V           ; 0.26 V                              ; 0.2 V                               ; 4.68e-10 s                 ; 6.71e-10 s                 ; No                        ; Yes                       ;
; SDRAM_WEn      ; 2.5 V        ; 0 s                 ; 0 s                 ; 2.62 V                       ; 2.35e-07 V                   ; 2.72 V              ; -0.036 V            ; 0.26 V                               ; 0.2 V                                ; 4.68e-10 s                  ; 6.71e-10 s                  ; No                         ; Yes                        ; 2.62 V                      ; 2.35e-07 V                  ; 2.72 V             ; -0.036 V           ; 0.26 V                              ; 0.2 V                               ; 4.68e-10 s                 ; 6.71e-10 s                 ; No                        ; Yes                       ;
; SDRAM_BA[0]    ; 2.5 V        ; 0 s                 ; 0 s                 ; 2.62 V                       ; 2.35e-07 V                   ; 2.72 V              ; -0.036 V            ; 0.26 V                               ; 0.2 V                                ; 4.68e-10 s                  ; 6.71e-10 s                  ; No                         ; Yes                        ; 2.62 V                      ; 2.35e-07 V                  ; 2.72 V             ; -0.036 V           ; 0.26 V                              ; 0.2 V                               ; 4.68e-10 s                 ; 6.71e-10 s                 ; No                        ; Yes                       ;
; SDRAM_BA[1]    ; 2.5 V        ; 0 s                 ; 0 s                 ; 2.62 V                       ; 2.35e-07 V                   ; 2.72 V              ; -0.037 V            ; 0.262 V                              ; 0.199 V                              ; 4.69e-10 s                  ; 6.73e-10 s                  ; No                         ; Yes                        ; 2.62 V                      ; 2.35e-07 V                  ; 2.72 V             ; -0.037 V           ; 0.262 V                             ; 0.199 V                             ; 4.69e-10 s                 ; 6.73e-10 s                 ; No                        ; Yes                       ;
; SDRAM_ADDR[0]  ; 2.5 V        ; 0 s                 ; 0 s                 ; 2.62 V                       ; 2.35e-07 V                   ; 2.72 V              ; -0.037 V            ; 0.262 V                              ; 0.199 V                              ; 4.69e-10 s                  ; 6.73e-10 s                  ; No                         ; Yes                        ; 2.62 V                      ; 2.35e-07 V                  ; 2.72 V             ; -0.037 V           ; 0.262 V                             ; 0.199 V                             ; 4.69e-10 s                 ; 6.73e-10 s                 ; No                        ; Yes                       ;
; SDRAM_ADDR[1]  ; 2.5 V        ; 0 s                 ; 0 s                 ; 2.62 V                       ; 2.35e-07 V                   ; 2.72 V              ; -0.036 V            ; 0.26 V                               ; 0.2 V                                ; 4.68e-10 s                  ; 6.71e-10 s                  ; No                         ; Yes                        ; 2.62 V                      ; 2.35e-07 V                  ; 2.72 V             ; -0.036 V           ; 0.26 V                              ; 0.2 V                               ; 4.68e-10 s                 ; 6.71e-10 s                 ; No                        ; Yes                       ;
; SDRAM_ADDR[2]  ; 2.5 V        ; 0 s                 ; 0 s                 ; 2.62 V                       ; 2.35e-07 V                   ; 2.72 V              ; -0.036 V            ; 0.26 V                               ; 0.2 V                                ; 4.68e-10 s                  ; 6.71e-10 s                  ; No                         ; Yes                        ; 2.62 V                      ; 2.35e-07 V                  ; 2.72 V             ; -0.036 V           ; 0.26 V                              ; 0.2 V                               ; 4.68e-10 s                 ; 6.71e-10 s                 ; No                        ; Yes                       ;
; SDRAM_ADDR[3]  ; 2.5 V        ; 0 s                 ; 0 s                 ; 2.62 V                       ; 2.35e-07 V                   ; 2.72 V              ; -0.036 V            ; 0.26 V                               ; 0.2 V                                ; 4.68e-10 s                  ; 6.71e-10 s                  ; No                         ; Yes                        ; 2.62 V                      ; 2.35e-07 V                  ; 2.72 V             ; -0.036 V           ; 0.26 V                              ; 0.2 V                               ; 4.68e-10 s                 ; 6.71e-10 s                 ; No                        ; Yes                       ;
; SDRAM_ADDR[4]  ; 2.5 V        ; 0 s                 ; 0 s                 ; 2.62 V                       ; 2.35e-07 V                   ; 2.72 V              ; -0.037 V            ; 0.262 V                              ; 0.199 V                              ; 4.69e-10 s                  ; 6.73e-10 s                  ; No                         ; Yes                        ; 2.62 V                      ; 2.35e-07 V                  ; 2.72 V             ; -0.037 V           ; 0.262 V                             ; 0.199 V                             ; 4.69e-10 s                 ; 6.73e-10 s                 ; No                        ; Yes                       ;
; SDRAM_ADDR[5]  ; 2.5 V        ; 0 s                 ; 0 s                 ; 2.62 V                       ; 2.35e-07 V                   ; 2.72 V              ; -0.037 V            ; 0.262 V                              ; 0.199 V                              ; 4.69e-10 s                  ; 6.73e-10 s                  ; No                         ; Yes                        ; 2.62 V                      ; 2.35e-07 V                  ; 2.72 V             ; -0.037 V           ; 0.262 V                             ; 0.199 V                             ; 4.69e-10 s                 ; 6.73e-10 s                 ; No                        ; Yes                       ;
; SDRAM_ADDR[6]  ; 2.5 V        ; 0 s                 ; 0 s                 ; 2.62 V                       ; 2.35e-07 V                   ; 2.72 V              ; -0.036 V            ; 0.26 V                               ; 0.2 V                                ; 4.68e-10 s                  ; 6.71e-10 s                  ; No                         ; Yes                        ; 2.62 V                      ; 2.35e-07 V                  ; 2.72 V             ; -0.036 V           ; 0.26 V                              ; 0.2 V                               ; 4.68e-10 s                 ; 6.71e-10 s                 ; No                        ; Yes                       ;
; SDRAM_ADDR[7]  ; 2.5 V        ; 0 s                 ; 0 s                 ; 2.62 V                       ; 2.35e-07 V                   ; 2.72 V              ; -0.036 V            ; 0.26 V                               ; 0.2 V                                ; 4.68e-10 s                  ; 6.71e-10 s                  ; No                         ; Yes                        ; 2.62 V                      ; 2.35e-07 V                  ; 2.72 V             ; -0.036 V           ; 0.26 V                              ; 0.2 V                               ; 4.68e-10 s                 ; 6.71e-10 s                 ; No                        ; Yes                       ;
; SDRAM_ADDR[8]  ; 2.5 V        ; 0 s                 ; 0 s                 ; 2.62 V                       ; 2.35e-07 V                   ; 2.72 V              ; -0.037 V            ; 0.262 V                              ; 0.199 V                              ; 4.69e-10 s                  ; 6.73e-10 s                  ; No                         ; Yes                        ; 2.62 V                      ; 2.35e-07 V                  ; 2.72 V             ; -0.037 V           ; 0.262 V                             ; 0.199 V                             ; 4.69e-10 s                 ; 6.73e-10 s                 ; No                        ; Yes                       ;
; SDRAM_ADDR[9]  ; 2.5 V        ; 0 s                 ; 0 s                 ; 2.62 V                       ; 2.35e-07 V                   ; 2.72 V              ; -0.036 V            ; 0.26 V                               ; 0.2 V                                ; 4.68e-10 s                  ; 6.71e-10 s                  ; No                         ; Yes                        ; 2.62 V                      ; 2.35e-07 V                  ; 2.72 V             ; -0.036 V           ; 0.26 V                              ; 0.2 V                               ; 4.68e-10 s                 ; 6.71e-10 s                 ; No                        ; Yes                       ;
; SDRAM_ADDR[10] ; 2.5 V        ; 0 s                 ; 0 s                 ; 2.62 V                       ; 2.35e-07 V                   ; 2.72 V              ; -0.036 V            ; 0.26 V                               ; 0.2 V                                ; 4.68e-10 s                  ; 6.71e-10 s                  ; No                         ; Yes                        ; 2.62 V                      ; 2.35e-07 V                  ; 2.72 V             ; -0.036 V           ; 0.26 V                              ; 0.2 V                               ; 4.68e-10 s                 ; 6.71e-10 s                 ; No                        ; Yes                       ;
; SDRAM_ADDR[11] ; 2.5 V        ; 0 s                 ; 0 s                 ; 2.62 V                       ; 2.35e-07 V                   ; 2.72 V              ; -0.037 V            ; 0.262 V                              ; 0.199 V                              ; 4.69e-10 s                  ; 6.73e-10 s                  ; No                         ; Yes                        ; 2.62 V                      ; 2.35e-07 V                  ; 2.72 V             ; -0.037 V           ; 0.262 V                             ; 0.199 V                             ; 4.69e-10 s                 ; 6.73e-10 s                 ; No                        ; Yes                       ;
; SDRAM_ADDR[12] ; 2.5 V        ; 0 s                 ; 0 s                 ; 2.62 V                       ; 2.35e-07 V                   ; 2.72 V              ; -0.037 V            ; 0.262 V                              ; 0.199 V                              ; 4.69e-10 s                  ; 6.73e-10 s                  ; No                         ; Yes                        ; 2.62 V                      ; 2.35e-07 V                  ; 2.72 V             ; -0.037 V           ; 0.262 V                             ; 0.199 V                             ; 4.69e-10 s                 ; 6.73e-10 s                 ; No                        ; Yes                       ;
; TMSC_pri       ; 2.5 V        ; 0 s                 ; 0 s                 ; 2.62 V                       ; 2.35e-07 V                   ; 2.72 V              ; -0.037 V            ; 0.262 V                              ; 0.199 V                              ; 4.69e-10 s                  ; 6.73e-10 s                  ; No                         ; Yes                        ; 2.62 V                      ; 2.35e-07 V                  ; 2.72 V             ; -0.037 V           ; 0.262 V                             ; 0.199 V                             ; 4.69e-10 s                 ; 6.73e-10 s                 ; No                        ; Yes                       ;
; TMSC_rep       ; 2.5 V        ; 0 s                 ; 0 s                 ; 2.62 V                       ; 2.35e-07 V                   ; 2.72 V              ; -0.037 V            ; 0.262 V                              ; 0.199 V                              ; 4.69e-10 s                  ; 6.73e-10 s                  ; No                         ; Yes                        ; 2.62 V                      ; 2.35e-07 V                  ; 2.72 V             ; -0.037 V           ; 0.262 V                             ; 0.199 V                             ; 4.69e-10 s                 ; 6.73e-10 s                 ; No                        ; Yes                       ;
; GPIO0[0]       ; 2.5 V        ; 0 s                 ; 0 s                 ; 2.62 V                       ; 2.35e-07 V                   ; 2.72 V              ; -0.036 V            ; 0.26 V                               ; 0.2 V                                ; 4.68e-10 s                  ; 6.71e-10 s                  ; No                         ; Yes                        ; 2.62 V                      ; 2.35e-07 V                  ; 2.72 V             ; -0.036 V           ; 0.26 V                              ; 0.2 V                               ; 4.68e-10 s                 ; 6.71e-10 s                 ; No                        ; Yes                       ;
; GPIO0[1]       ; 2.5 V        ; 0 s                 ; 0 s                 ; 2.62 V                       ; 2.35e-07 V                   ; 2.72 V              ; -0.037 V            ; 0.262 V                              ; 0.199 V                              ; 4.69e-10 s                  ; 6.73e-10 s                  ; No                         ; Yes                        ; 2.62 V                      ; 2.35e-07 V                  ; 2.72 V             ; -0.037 V           ; 0.262 V                             ; 0.199 V                             ; 4.69e-10 s                 ; 6.73e-10 s                 ; No                        ; Yes                       ;
; GPIO0[2]       ; 2.5 V        ; 0 s                 ; 0 s                 ; 2.62 V                       ; 2.35e-07 V                   ; 2.72 V              ; -0.037 V            ; 0.262 V                              ; 0.199 V                              ; 4.69e-10 s                  ; 6.73e-10 s                  ; No                         ; Yes                        ; 2.62 V                      ; 2.35e-07 V                  ; 2.72 V             ; -0.037 V           ; 0.262 V                             ; 0.199 V                             ; 4.69e-10 s                 ; 6.73e-10 s                 ; No                        ; Yes                       ;
; GPIO0[3]       ; 2.5 V        ; 0 s                 ; 0 s                 ; 2.62 V                       ; 2.35e-07 V                   ; 2.72 V              ; -0.036 V            ; 0.26 V                               ; 0.2 V                                ; 4.68e-10 s                  ; 6.71e-10 s                  ; No                         ; Yes                        ; 2.62 V                      ; 2.35e-07 V                  ; 2.72 V             ; -0.036 V           ; 0.26 V                              ; 0.2 V                               ; 4.68e-10 s                 ; 6.71e-10 s                 ; No                        ; Yes                       ;
; GPIO0[4]       ; 2.5 V        ; 0 s                 ; 0 s                 ; 2.62 V                       ; 2.35e-07 V                   ; 2.72 V              ; -0.036 V            ; 0.26 V                               ; 0.2 V                                ; 4.68e-10 s                  ; 6.71e-10 s                  ; No                         ; Yes                        ; 2.62 V                      ; 2.35e-07 V                  ; 2.72 V             ; -0.036 V           ; 0.26 V                              ; 0.2 V                               ; 4.68e-10 s                 ; 6.71e-10 s                 ; No                        ; Yes                       ;
; GPIO0[5]       ; 2.5 V        ; 0 s                 ; 0 s                 ; 2.62 V                       ; 2.35e-07 V                   ; 2.72 V              ; -0.036 V            ; 0.26 V                               ; 0.2 V                                ; 4.68e-10 s                  ; 6.71e-10 s                  ; No                         ; Yes                        ; 2.62 V                      ; 2.35e-07 V                  ; 2.72 V             ; -0.036 V           ; 0.26 V                              ; 0.2 V                               ; 4.68e-10 s                 ; 6.71e-10 s                 ; No                        ; Yes                       ;
; GPIO0[6]       ; 2.5 V        ; 0 s                 ; 0 s                 ; 2.62 V                       ; 2.35e-07 V                   ; 2.72 V              ; -0.037 V            ; 0.262 V                              ; 0.199 V                              ; 4.69e-10 s                  ; 6.73e-10 s                  ; No                         ; Yes                        ; 2.62 V                      ; 2.35e-07 V                  ; 2.72 V             ; -0.037 V           ; 0.262 V                             ; 0.199 V                             ; 4.69e-10 s                 ; 6.73e-10 s                 ; No                        ; Yes                       ;
; GPIO0[7]       ; 2.5 V        ; 0 s                 ; 0 s                 ; 2.62 V                       ; 2.35e-07 V                   ; 2.72 V              ; -0.036 V            ; 0.26 V                               ; 0.2 V                                ; 4.68e-10 s                  ; 6.71e-10 s                  ; No                         ; Yes                        ; 2.62 V                      ; 2.35e-07 V                  ; 2.72 V             ; -0.036 V           ; 0.26 V                              ; 0.2 V                               ; 4.68e-10 s                 ; 6.71e-10 s                 ; No                        ; Yes                       ;
; GPIO0[8]       ; 2.5 V        ; 0 s                 ; 0 s                 ; 2.62 V                       ; 2.35e-07 V                   ; 2.72 V              ; -0.036 V            ; 0.26 V                               ; 0.2 V                                ; 4.68e-10 s                  ; 6.71e-10 s                  ; No                         ; Yes                        ; 2.62 V                      ; 2.35e-07 V                  ; 2.72 V             ; -0.036 V           ; 0.26 V                              ; 0.2 V                               ; 4.68e-10 s                 ; 6.71e-10 s                 ; No                        ; Yes                       ;
; GPIO0[9]       ; 2.5 V        ; 0 s                 ; 0 s                 ; 2.62 V                       ; 2.35e-07 V                   ; 2.72 V              ; -0.036 V            ; 0.26 V                               ; 0.2 V                                ; 4.68e-10 s                  ; 6.71e-10 s                  ; No                         ; Yes                        ; 2.62 V                      ; 2.35e-07 V                  ; 2.72 V             ; -0.036 V           ; 0.26 V                              ; 0.2 V                               ; 4.68e-10 s                 ; 6.71e-10 s                 ; No                        ; Yes                       ;
; GPIO0[10]      ; 2.5 V        ; 0 s                 ; 0 s                 ; 2.62 V                       ; 2.35e-07 V                   ; 2.72 V              ; -0.037 V            ; 0.262 V                              ; 0.199 V                              ; 4.69e-10 s                  ; 6.73e-10 s                  ; No                         ; Yes                        ; 2.62 V                      ; 2.35e-07 V                  ; 2.72 V             ; -0.037 V           ; 0.262 V                             ; 0.199 V                             ; 4.69e-10 s                 ; 6.73e-10 s                 ; No                        ; Yes                       ;
; GPIO0[11]      ; 2.5 V        ; 0 s                 ; 0 s                 ; 2.62 V                       ; 2.35e-07 V                   ; 2.72 V              ; -0.036 V            ; 0.26 V                               ; 0.2 V                                ; 4.68e-10 s                  ; 6.71e-10 s                  ; No                         ; Yes                        ; 2.62 V                      ; 2.35e-07 V                  ; 2.72 V             ; -0.036 V           ; 0.26 V                              ; 0.2 V                               ; 4.68e-10 s                 ; 6.71e-10 s                 ; No                        ; Yes                       ;
; GPIO0[12]      ; 2.5 V        ; 0 s                 ; 0 s                 ; 2.62 V                       ; 2.35e-07 V                   ; 2.72 V              ; -0.037 V            ; 0.262 V                              ; 0.199 V                              ; 4.69e-10 s                  ; 6.73e-10 s                  ; No                         ; Yes                        ; 2.62 V                      ; 2.35e-07 V                  ; 2.72 V             ; -0.037 V           ; 0.262 V                             ; 0.199 V                             ; 4.69e-10 s                 ; 6.73e-10 s                 ; No                        ; Yes                       ;
; GPIO0[13]      ; 2.5 V        ; 0 s                 ; 0 s                 ; 2.62 V                       ; 2.35e-07 V                   ; 2.72 V              ; -0.036 V            ; 0.26 V                               ; 0.2 V                                ; 4.68e-10 s                  ; 6.71e-10 s                  ; No                         ; Yes                        ; 2.62 V                      ; 2.35e-07 V                  ; 2.72 V             ; -0.036 V           ; 0.26 V                              ; 0.2 V                               ; 4.68e-10 s                 ; 6.71e-10 s                 ; No                        ; Yes                       ;
; GPIO0[14]      ; 2.5 V        ; 0 s                 ; 0 s                 ; 2.62 V                       ; 2.35e-07 V                   ; 2.72 V              ; -0.037 V            ; 0.262 V                              ; 0.199 V                              ; 4.69e-10 s                  ; 6.73e-10 s                  ; No                         ; Yes                        ; 2.62 V                      ; 2.35e-07 V                  ; 2.72 V             ; -0.037 V           ; 0.262 V                             ; 0.199 V                             ; 4.69e-10 s                 ; 6.73e-10 s                 ; No                        ; Yes                       ;
; GPIO0[15]      ; 2.5 V        ; 0 s                 ; 0 s                 ; 2.62 V                       ; 2.35e-07 V                   ; 2.72 V              ; -0.037 V            ; 0.262 V                              ; 0.199 V                              ; 4.69e-10 s                  ; 6.73e-10 s                  ; No                         ; Yes                        ; 2.62 V                      ; 2.35e-07 V                  ; 2.72 V             ; -0.037 V           ; 0.262 V                             ; 0.199 V                             ; 4.69e-10 s                 ; 6.73e-10 s                 ; No                        ; Yes                       ;
; GPIO0[16]      ; 2.5 V        ; 0 s                 ; 0 s                 ; 2.62 V                       ; 2.35e-07 V                   ; 2.72 V              ; -0.036 V            ; 0.26 V                               ; 0.2 V                                ; 4.68e-10 s                  ; 6.71e-10 s                  ; No                         ; Yes                        ; 2.62 V                      ; 2.35e-07 V                  ; 2.72 V             ; -0.036 V           ; 0.26 V                              ; 0.2 V                               ; 4.68e-10 s                 ; 6.71e-10 s                 ; No                        ; Yes                       ;
; GPIO0[17]      ; 2.5 V        ; 0 s                 ; 0 s                 ; 2.62 V                       ; 2.35e-07 V                   ; 2.72 V              ; -0.036 V            ; 0.26 V                               ; 0.2 V                                ; 4.68e-10 s                  ; 6.71e-10 s                  ; No                         ; Yes                        ; 2.62 V                      ; 2.35e-07 V                  ; 2.72 V             ; -0.036 V           ; 0.26 V                              ; 0.2 V                               ; 4.68e-10 s                 ; 6.71e-10 s                 ; No                        ; Yes                       ;
; GPIO0[18]      ; 2.5 V        ; 0 s                 ; 0 s                 ; 2.62 V                       ; 2.35e-07 V                   ; 2.72 V              ; -0.037 V            ; 0.262 V                              ; 0.199 V                              ; 4.69e-10 s                  ; 6.73e-10 s                  ; No                         ; Yes                        ; 2.62 V                      ; 2.35e-07 V                  ; 2.72 V             ; -0.037 V           ; 0.262 V                             ; 0.199 V                             ; 4.69e-10 s                 ; 6.73e-10 s                 ; No                        ; Yes                       ;
; GPIO0[19]      ; 2.5 V        ; 0 s                 ; 0 s                 ; 2.62 V                       ; 2.35e-07 V                   ; 2.72 V              ; -0.037 V            ; 0.262 V                              ; 0.199 V                              ; 4.69e-10 s                  ; 6.73e-10 s                  ; No                         ; Yes                        ; 2.62 V                      ; 2.35e-07 V                  ; 2.72 V             ; -0.037 V           ; 0.262 V                             ; 0.199 V                             ; 4.69e-10 s                 ; 6.73e-10 s                 ; No                        ; Yes                       ;
; GPIO0[20]      ; 2.5 V        ; 0 s                 ; 0 s                 ; 2.62 V                       ; 2.35e-07 V                   ; 2.72 V              ; -0.037 V            ; 0.262 V                              ; 0.199 V                              ; 4.69e-10 s                  ; 6.73e-10 s                  ; No                         ; Yes                        ; 2.62 V                      ; 2.35e-07 V                  ; 2.72 V             ; -0.037 V           ; 0.262 V                             ; 0.199 V                             ; 4.69e-10 s                 ; 6.73e-10 s                 ; No                        ; Yes                       ;
; GPIO0[21]      ; 2.5 V        ; 0 s                 ; 0 s                 ; 2.62 V                       ; 2.35e-07 V                   ; 2.72 V              ; -0.037 V            ; 0.262 V                              ; 0.199 V                              ; 4.69e-10 s                  ; 6.73e-10 s                  ; No                         ; Yes                        ; 2.62 V                      ; 2.35e-07 V                  ; 2.72 V             ; -0.037 V           ; 0.262 V                             ; 0.199 V                             ; 4.69e-10 s                 ; 6.73e-10 s                 ; No                        ; Yes                       ;
; GPIO0[22]      ; 2.5 V        ; 0 s                 ; 0 s                 ; 2.62 V                       ; 2.35e-07 V                   ; 2.72 V              ; -0.036 V            ; 0.26 V                               ; 0.2 V                                ; 4.68e-10 s                  ; 6.71e-10 s                  ; No                         ; Yes                        ; 2.62 V                      ; 2.35e-07 V                  ; 2.72 V             ; -0.036 V           ; 0.26 V                              ; 0.2 V                               ; 4.68e-10 s                 ; 6.71e-10 s                 ; No                        ; Yes                       ;
; GPIO0[23]      ; 2.5 V        ; 0 s                 ; 0 s                 ; 2.62 V                       ; 2.35e-07 V                   ; 2.72 V              ; -0.037 V            ; 0.262 V                              ; 0.199 V                              ; 4.69e-10 s                  ; 6.73e-10 s                  ; No                         ; Yes                        ; 2.62 V                      ; 2.35e-07 V                  ; 2.72 V             ; -0.037 V           ; 0.262 V                             ; 0.199 V                             ; 4.69e-10 s                 ; 6.73e-10 s                 ; No                        ; Yes                       ;
; GPIO0[24]      ; 2.5 V        ; 0 s                 ; 0 s                 ; 2.62 V                       ; 2.35e-07 V                   ; 2.72 V              ; -0.036 V            ; 0.26 V                               ; 0.2 V                                ; 4.68e-10 s                  ; 6.71e-10 s                  ; No                         ; Yes                        ; 2.62 V                      ; 2.35e-07 V                  ; 2.72 V             ; -0.036 V           ; 0.26 V                              ; 0.2 V                               ; 4.68e-10 s                 ; 6.71e-10 s                 ; No                        ; Yes                       ;
; GPIO0[25]      ; 2.5 V        ; 0 s                 ; 0 s                 ; 2.62 V                       ; 2.35e-07 V                   ; 2.72 V              ; -0.036 V            ; 0.26 V                               ; 0.2 V                                ; 4.68e-10 s                  ; 6.71e-10 s                  ; No                         ; Yes                        ; 2.62 V                      ; 2.35e-07 V                  ; 2.72 V             ; -0.036 V           ; 0.26 V                              ; 0.2 V                               ; 4.68e-10 s                 ; 6.71e-10 s                 ; No                        ; Yes                       ;
; GPIO0[26]      ; 2.5 V        ; 0 s                 ; 0 s                 ; 2.62 V                       ; 2.35e-07 V                   ; 2.72 V              ; -0.037 V            ; 0.262 V                              ; 0.199 V                              ; 4.69e-10 s                  ; 6.73e-10 s                  ; No                         ; Yes                        ; 2.62 V                      ; 2.35e-07 V                  ; 2.72 V             ; -0.037 V           ; 0.262 V                             ; 0.199 V                             ; 4.69e-10 s                 ; 6.73e-10 s                 ; No                        ; Yes                       ;
; GPIO0[27]      ; 2.5 V        ; 0 s                 ; 0 s                 ; 2.62 V                       ; 2.35e-07 V                   ; 2.72 V              ; -0.036 V            ; 0.26 V                               ; 0.2 V                                ; 4.68e-10 s                  ; 6.71e-10 s                  ; No                         ; Yes                        ; 2.62 V                      ; 2.35e-07 V                  ; 2.72 V             ; -0.036 V           ; 0.26 V                              ; 0.2 V                               ; 4.68e-10 s                 ; 6.71e-10 s                 ; No                        ; Yes                       ;
; GPIO0[28]      ; 2.5 V        ; 0 s                 ; 0 s                 ; 2.62 V                       ; 2.35e-07 V                   ; 2.72 V              ; -0.036 V            ; 0.26 V                               ; 0.2 V                                ; 4.68e-10 s                  ; 6.71e-10 s                  ; No                         ; Yes                        ; 2.62 V                      ; 2.35e-07 V                  ; 2.72 V             ; -0.036 V           ; 0.26 V                              ; 0.2 V                               ; 4.68e-10 s                 ; 6.71e-10 s                 ; No                        ; Yes                       ;
; GPIO0[29]      ; 2.5 V        ; 0 s                 ; 0 s                 ; 2.62 V                       ; 2.35e-07 V                   ; 2.72 V              ; -0.037 V            ; 0.262 V                              ; 0.199 V                              ; 4.69e-10 s                  ; 6.73e-10 s                  ; No                         ; Yes                        ; 2.62 V                      ; 2.35e-07 V                  ; 2.72 V             ; -0.037 V           ; 0.262 V                             ; 0.199 V                             ; 4.69e-10 s                 ; 6.73e-10 s                 ; No                        ; Yes                       ;
; GPIO0[30]      ; 2.5 V        ; 0 s                 ; 0 s                 ; 2.62 V                       ; 2.35e-07 V                   ; 2.72 V              ; -0.037 V            ; 0.262 V                              ; 0.199 V                              ; 4.69e-10 s                  ; 6.73e-10 s                  ; No                         ; Yes                        ; 2.62 V                      ; 2.35e-07 V                  ; 2.72 V             ; -0.037 V           ; 0.262 V                             ; 0.199 V                             ; 4.69e-10 s                 ; 6.73e-10 s                 ; No                        ; Yes                       ;
; GPIO0[31]      ; 2.5 V        ; 0 s                 ; 0 s                 ; 2.62 V                       ; 2.35e-07 V                   ; 2.72 V              ; -0.036 V            ; 0.26 V                               ; 0.2 V                                ; 4.68e-10 s                  ; 6.71e-10 s                  ; No                         ; Yes                        ; 2.62 V                      ; 2.35e-07 V                  ; 2.72 V             ; -0.036 V           ; 0.26 V                              ; 0.2 V                               ; 4.68e-10 s                 ; 6.71e-10 s                 ; No                        ; Yes                       ;
; GPIO1[0]       ; 2.5 V        ; 0 s                 ; 0 s                 ; 2.62 V                       ; 2.35e-07 V                   ; 2.72 V              ; -0.037 V            ; 0.262 V                              ; 0.199 V                              ; 4.69e-10 s                  ; 6.73e-10 s                  ; No                         ; Yes                        ; 2.62 V                      ; 2.35e-07 V                  ; 2.72 V             ; -0.037 V           ; 0.262 V                             ; 0.199 V                             ; 4.69e-10 s                 ; 6.73e-10 s                 ; No                        ; Yes                       ;
; GPIO1[1]       ; 2.5 V        ; 0 s                 ; 0 s                 ; 2.62 V                       ; 2.35e-07 V                   ; 2.72 V              ; -0.037 V            ; 0.262 V                              ; 0.199 V                              ; 4.69e-10 s                  ; 6.73e-10 s                  ; No                         ; Yes                        ; 2.62 V                      ; 2.35e-07 V                  ; 2.72 V             ; -0.037 V           ; 0.262 V                             ; 0.199 V                             ; 4.69e-10 s                 ; 6.73e-10 s                 ; No                        ; Yes                       ;
; GPIO1[2]       ; 2.5 V        ; 0 s                 ; 0 s                 ; 2.62 V                       ; 2.35e-07 V                   ; 2.72 V              ; -0.036 V            ; 0.26 V                               ; 0.2 V                                ; 4.68e-10 s                  ; 6.71e-10 s                  ; No                         ; Yes                        ; 2.62 V                      ; 2.35e-07 V                  ; 2.72 V             ; -0.036 V           ; 0.26 V                              ; 0.2 V                               ; 4.68e-10 s                 ; 6.71e-10 s                 ; No                        ; Yes                       ;
; GPIO1[3]       ; 2.5 V        ; 0 s                 ; 0 s                 ; 2.62 V                       ; 2.35e-07 V                   ; 2.72 V              ; -0.037 V            ; 0.262 V                              ; 0.199 V                              ; 4.69e-10 s                  ; 6.73e-10 s                  ; No                         ; Yes                        ; 2.62 V                      ; 2.35e-07 V                  ; 2.72 V             ; -0.037 V           ; 0.262 V                             ; 0.199 V                             ; 4.69e-10 s                 ; 6.73e-10 s                 ; No                        ; Yes                       ;
; GPIO1[4]       ; 2.5 V        ; 0 s                 ; 0 s                 ; 2.62 V                       ; 2.35e-07 V                   ; 2.72 V              ; -0.036 V            ; 0.26 V                               ; 0.2 V                                ; 4.68e-10 s                  ; 6.71e-10 s                  ; No                         ; Yes                        ; 2.62 V                      ; 2.35e-07 V                  ; 2.72 V             ; -0.036 V           ; 0.26 V                              ; 0.2 V                               ; 4.68e-10 s                 ; 6.71e-10 s                 ; No                        ; Yes                       ;
; GPIO1[5]       ; 2.5 V        ; 0 s                 ; 0 s                 ; 2.62 V                       ; 2.35e-07 V                   ; 2.72 V              ; -0.036 V            ; 0.26 V                               ; 0.2 V                                ; 4.68e-10 s                  ; 6.71e-10 s                  ; No                         ; Yes                        ; 2.62 V                      ; 2.35e-07 V                  ; 2.72 V             ; -0.036 V           ; 0.26 V                              ; 0.2 V                               ; 4.68e-10 s                 ; 6.71e-10 s                 ; No                        ; Yes                       ;
; GPIO1[6]       ; 2.5 V        ; 0 s                 ; 0 s                 ; 2.62 V                       ; 2.35e-07 V                   ; 2.72 V              ; -0.037 V            ; 0.262 V                              ; 0.199 V                              ; 4.69e-10 s                  ; 6.73e-10 s                  ; No                         ; Yes                        ; 2.62 V                      ; 2.35e-07 V                  ; 2.72 V             ; -0.037 V           ; 0.262 V                             ; 0.199 V                             ; 4.69e-10 s                 ; 6.73e-10 s                 ; No                        ; Yes                       ;
; GPIO1[7]       ; 2.5 V        ; 0 s                 ; 0 s                 ; 2.62 V                       ; 2.35e-07 V                   ; 2.72 V              ; -0.036 V            ; 0.26 V                               ; 0.2 V                                ; 4.68e-10 s                  ; 6.71e-10 s                  ; No                         ; Yes                        ; 2.62 V                      ; 2.35e-07 V                  ; 2.72 V             ; -0.036 V           ; 0.26 V                              ; 0.2 V                               ; 4.68e-10 s                 ; 6.71e-10 s                 ; No                        ; Yes                       ;
; GPIO1[8]       ; 2.5 V        ; 0 s                 ; 0 s                 ; 2.62 V                       ; 2.35e-07 V                   ; 2.72 V              ; -0.036 V            ; 0.26 V                               ; 0.2 V                                ; 4.68e-10 s                  ; 6.71e-10 s                  ; No                         ; Yes                        ; 2.62 V                      ; 2.35e-07 V                  ; 2.72 V             ; -0.036 V           ; 0.26 V                              ; 0.2 V                               ; 4.68e-10 s                 ; 6.71e-10 s                 ; No                        ; Yes                       ;
; GPIO1[9]       ; 2.5 V        ; 0 s                 ; 0 s                 ; 2.62 V                       ; 2.35e-07 V                   ; 2.72 V              ; -0.037 V            ; 0.262 V                              ; 0.199 V                              ; 4.69e-10 s                  ; 6.73e-10 s                  ; No                         ; Yes                        ; 2.62 V                      ; 2.35e-07 V                  ; 2.72 V             ; -0.037 V           ; 0.262 V                             ; 0.199 V                             ; 4.69e-10 s                 ; 6.73e-10 s                 ; No                        ; Yes                       ;
; GPIO1[10]      ; 2.5 V        ; 0 s                 ; 0 s                 ; 2.62 V                       ; 2.35e-07 V                   ; 2.72 V              ; -0.037 V            ; 0.262 V                              ; 0.199 V                              ; 4.69e-10 s                  ; 6.73e-10 s                  ; No                         ; Yes                        ; 2.62 V                      ; 2.35e-07 V                  ; 2.72 V             ; -0.037 V           ; 0.262 V                             ; 0.199 V                             ; 4.69e-10 s                 ; 6.73e-10 s                 ; No                        ; Yes                       ;
; GPIO1[11]      ; 2.5 V        ; 0 s                 ; 0 s                 ; 2.62 V                       ; 2.35e-07 V                   ; 2.72 V              ; -0.036 V            ; 0.26 V                               ; 0.2 V                                ; 4.68e-10 s                  ; 6.71e-10 s                  ; No                         ; Yes                        ; 2.62 V                      ; 2.35e-07 V                  ; 2.72 V             ; -0.036 V           ; 0.26 V                              ; 0.2 V                               ; 4.68e-10 s                 ; 6.71e-10 s                 ; No                        ; Yes                       ;
; GPIO1[12]      ; 2.5 V        ; 0 s                 ; 0 s                 ; 2.62 V                       ; 2.35e-07 V                   ; 2.72 V              ; -0.036 V            ; 0.26 V                               ; 0.2 V                                ; 4.68e-10 s                  ; 6.71e-10 s                  ; No                         ; Yes                        ; 2.62 V                      ; 2.35e-07 V                  ; 2.72 V             ; -0.036 V           ; 0.26 V                              ; 0.2 V                               ; 4.68e-10 s                 ; 6.71e-10 s                 ; No                        ; Yes                       ;
; GPIO1[13]      ; 2.5 V        ; 0 s                 ; 0 s                 ; 2.62 V                       ; 2.35e-07 V                   ; 2.72 V              ; -0.037 V            ; 0.262 V                              ; 0.199 V                              ; 4.69e-10 s                  ; 6.73e-10 s                  ; No                         ; Yes                        ; 2.62 V                      ; 2.35e-07 V                  ; 2.72 V             ; -0.037 V           ; 0.262 V                             ; 0.199 V                             ; 4.69e-10 s                 ; 6.73e-10 s                 ; No                        ; Yes                       ;
; GPIO1[14]      ; 2.5 V        ; 0 s                 ; 0 s                 ; 2.62 V                       ; 2.35e-07 V                   ; 2.72 V              ; -0.037 V            ; 0.262 V                              ; 0.199 V                              ; 4.69e-10 s                  ; 6.73e-10 s                  ; No                         ; Yes                        ; 2.62 V                      ; 2.35e-07 V                  ; 2.72 V             ; -0.037 V           ; 0.262 V                             ; 0.199 V                             ; 4.69e-10 s                 ; 6.73e-10 s                 ; No                        ; Yes                       ;
; GPIO1[15]      ; 2.5 V        ; 0 s                 ; 0 s                 ; 2.62 V                       ; 2.35e-07 V                   ; 2.72 V              ; -0.036 V            ; 0.26 V                               ; 0.2 V                                ; 4.68e-10 s                  ; 6.71e-10 s                  ; No                         ; Yes                        ; 2.62 V                      ; 2.35e-07 V                  ; 2.72 V             ; -0.036 V           ; 0.26 V                              ; 0.2 V                               ; 4.68e-10 s                 ; 6.71e-10 s                 ; No                        ; Yes                       ;
; GPIO1[16]      ; 2.5 V        ; 0 s                 ; 0 s                 ; 2.62 V                       ; 2.35e-07 V                   ; 2.72 V              ; -0.037 V            ; 0.262 V                              ; 0.199 V                              ; 4.69e-10 s                  ; 6.73e-10 s                  ; No                         ; Yes                        ; 2.62 V                      ; 2.35e-07 V                  ; 2.72 V             ; -0.037 V           ; 0.262 V                             ; 0.199 V                             ; 4.69e-10 s                 ; 6.73e-10 s                 ; No                        ; Yes                       ;
; GPIO1[17]      ; 2.5 V        ; 0 s                 ; 0 s                 ; 2.62 V                       ; 2.35e-07 V                   ; 2.72 V              ; -0.036 V            ; 0.26 V                               ; 0.2 V                                ; 4.68e-10 s                  ; 6.71e-10 s                  ; No                         ; Yes                        ; 2.62 V                      ; 2.35e-07 V                  ; 2.72 V             ; -0.036 V           ; 0.26 V                              ; 0.2 V                               ; 4.68e-10 s                 ; 6.71e-10 s                 ; No                        ; Yes                       ;
; GPIO1[18]      ; 2.5 V        ; 0 s                 ; 0 s                 ; 2.62 V                       ; 2.35e-07 V                   ; 2.72 V              ; -0.037 V            ; 0.262 V                              ; 0.199 V                              ; 4.69e-10 s                  ; 6.73e-10 s                  ; No                         ; Yes                        ; 2.62 V                      ; 2.35e-07 V                  ; 2.72 V             ; -0.037 V           ; 0.262 V                             ; 0.199 V                             ; 4.69e-10 s                 ; 6.73e-10 s                 ; No                        ; Yes                       ;
; GPIO1[19]      ; 2.5 V        ; 0 s                 ; 0 s                 ; 2.62 V                       ; 2.35e-07 V                   ; 2.72 V              ; -0.036 V            ; 0.26 V                               ; 0.2 V                                ; 4.68e-10 s                  ; 6.71e-10 s                  ; No                         ; Yes                        ; 2.62 V                      ; 2.35e-07 V                  ; 2.72 V             ; -0.036 V           ; 0.26 V                              ; 0.2 V                               ; 4.68e-10 s                 ; 6.71e-10 s                 ; No                        ; Yes                       ;
; GPIO1[20]      ; 2.5 V        ; 0 s                 ; 0 s                 ; 2.62 V                       ; 2.35e-07 V                   ; 2.72 V              ; -0.037 V            ; 0.262 V                              ; 0.199 V                              ; 4.69e-10 s                  ; 6.73e-10 s                  ; No                         ; Yes                        ; 2.62 V                      ; 2.35e-07 V                  ; 2.72 V             ; -0.037 V           ; 0.262 V                             ; 0.199 V                             ; 4.69e-10 s                 ; 6.73e-10 s                 ; No                        ; Yes                       ;
; GPIO1[21]      ; 2.5 V        ; 0 s                 ; 0 s                 ; 2.62 V                       ; 2.35e-07 V                   ; 2.72 V              ; -0.037 V            ; 0.262 V                              ; 0.199 V                              ; 4.69e-10 s                  ; 6.73e-10 s                  ; No                         ; Yes                        ; 2.62 V                      ; 2.35e-07 V                  ; 2.72 V             ; -0.037 V           ; 0.262 V                             ; 0.199 V                             ; 4.69e-10 s                 ; 6.73e-10 s                 ; No                        ; Yes                       ;
; GPIO1[22]      ; 2.5 V        ; 0 s                 ; 0 s                 ; 2.62 V                       ; 2.35e-07 V                   ; 2.72 V              ; -0.037 V            ; 0.262 V                              ; 0.199 V                              ; 4.69e-10 s                  ; 6.73e-10 s                  ; No                         ; Yes                        ; 2.62 V                      ; 2.35e-07 V                  ; 2.72 V             ; -0.037 V           ; 0.262 V                             ; 0.199 V                             ; 4.69e-10 s                 ; 6.73e-10 s                 ; No                        ; Yes                       ;
; GPIO1[23]      ; 2.5 V        ; 0 s                 ; 0 s                 ; 2.62 V                       ; 2.35e-07 V                   ; 2.72 V              ; -0.036 V            ; 0.26 V                               ; 0.2 V                                ; 4.68e-10 s                  ; 6.71e-10 s                  ; No                         ; Yes                        ; 2.62 V                      ; 2.35e-07 V                  ; 2.72 V             ; -0.036 V           ; 0.26 V                              ; 0.2 V                               ; 4.68e-10 s                 ; 6.71e-10 s                 ; No                        ; Yes                       ;
; GPIO1[24]      ; 2.5 V        ; 0 s                 ; 0 s                 ; 2.62 V                       ; 2.35e-07 V                   ; 2.72 V              ; -0.036 V            ; 0.26 V                               ; 0.2 V                                ; 4.68e-10 s                  ; 6.71e-10 s                  ; No                         ; Yes                        ; 2.62 V                      ; 2.35e-07 V                  ; 2.72 V             ; -0.036 V           ; 0.26 V                              ; 0.2 V                               ; 4.68e-10 s                 ; 6.71e-10 s                 ; No                        ; Yes                       ;
; GPIO1[25]      ; 2.5 V        ; 0 s                 ; 0 s                 ; 2.62 V                       ; 2.35e-07 V                   ; 2.72 V              ; -0.037 V            ; 0.262 V                              ; 0.199 V                              ; 4.69e-10 s                  ; 6.73e-10 s                  ; No                         ; Yes                        ; 2.62 V                      ; 2.35e-07 V                  ; 2.72 V             ; -0.037 V           ; 0.262 V                             ; 0.199 V                             ; 4.69e-10 s                 ; 6.73e-10 s                 ; No                        ; Yes                       ;
; GPIO1[26]      ; 2.5 V        ; 0 s                 ; 0 s                 ; 2.62 V                       ; 2.35e-07 V                   ; 2.71 V              ; -0.034 V            ; 0.324 V                              ; 0.132 V                              ; 4.92e-10 s                  ; 8.3e-10 s                   ; No                         ; No                         ; 2.62 V                      ; 2.35e-07 V                  ; 2.71 V             ; -0.034 V           ; 0.324 V                             ; 0.132 V                             ; 4.92e-10 s                 ; 8.3e-10 s                  ; No                        ; No                        ;
; GPIO1[27]      ; 2.5 V        ; 0 s                 ; 0 s                 ; 2.62 V                       ; 2.35e-07 V                   ; 2.71 V              ; -0.0343 V           ; 0.325 V                              ; 0.133 V                              ; 4.93e-10 s                  ; 8.31e-10 s                  ; No                         ; No                         ; 2.62 V                      ; 2.35e-07 V                  ; 2.71 V             ; -0.0343 V          ; 0.325 V                             ; 0.133 V                             ; 4.93e-10 s                 ; 8.31e-10 s                 ; No                        ; No                        ;
; GPIO1[28]      ; 2.5 V        ; 0 s                 ; 0 s                 ; 2.62 V                       ; 2.35e-07 V                   ; 2.71 V              ; -0.034 V            ; 0.324 V                              ; 0.132 V                              ; 4.92e-10 s                  ; 8.3e-10 s                   ; No                         ; No                         ; 2.62 V                      ; 2.35e-07 V                  ; 2.71 V             ; -0.034 V           ; 0.324 V                             ; 0.132 V                             ; 4.92e-10 s                 ; 8.3e-10 s                  ; No                        ; No                        ;
; GPIO1[29]      ; 2.5 V        ; 0 s                 ; 0 s                 ; 2.62 V                       ; 2.35e-07 V                   ; 2.71 V              ; -0.034 V            ; 0.324 V                              ; 0.132 V                              ; 4.92e-10 s                  ; 8.3e-10 s                   ; No                         ; No                         ; 2.62 V                      ; 2.35e-07 V                  ; 2.71 V             ; -0.034 V           ; 0.324 V                             ; 0.132 V                             ; 4.92e-10 s                 ; 8.3e-10 s                  ; No                        ; No                        ;
; GPIO1[30]      ; 2.5 V        ; 0 s                 ; 0 s                 ; 2.62 V                       ; 2.35e-07 V                   ; 2.71 V              ; -0.0343 V           ; 0.325 V                              ; 0.133 V                              ; 4.93e-10 s                  ; 8.31e-10 s                  ; No                         ; No                         ; 2.62 V                      ; 2.35e-07 V                  ; 2.71 V             ; -0.0343 V          ; 0.325 V                             ; 0.133 V                             ; 4.93e-10 s                 ; 8.31e-10 s                 ; No                        ; No                        ;
; GPIO1[31]      ; 2.5 V        ; 0 s                 ; 0 s                 ; 2.62 V                       ; 2.35e-07 V                   ; 2.71 V              ; -0.0343 V           ; 0.325 V                              ; 0.133 V                              ; 4.93e-10 s                  ; 8.31e-10 s                  ; No                         ; No                         ; 2.62 V                      ; 2.35e-07 V                  ; 2.71 V             ; -0.0343 V          ; 0.325 V                             ; 0.133 V                             ; 4.93e-10 s                 ; 8.31e-10 s                 ; No                        ; No                        ;
; GPIO2[0]       ; 2.5 V        ; 0 s                 ; 0 s                 ; 2.62 V                       ; 2.35e-07 V                   ; 2.72 V              ; -0.037 V            ; 0.262 V                              ; 0.199 V                              ; 4.69e-10 s                  ; 6.73e-10 s                  ; No                         ; Yes                        ; 2.62 V                      ; 2.35e-07 V                  ; 2.72 V             ; -0.037 V           ; 0.262 V                             ; 0.199 V                             ; 4.69e-10 s                 ; 6.73e-10 s                 ; No                        ; Yes                       ;
; GPIO2[1]       ; 2.5 V        ; 0 s                 ; 0 s                 ; 2.62 V                       ; 2.35e-07 V                   ; 2.72 V              ; -0.036 V            ; 0.26 V                               ; 0.2 V                                ; 4.68e-10 s                  ; 6.71e-10 s                  ; No                         ; Yes                        ; 2.62 V                      ; 2.35e-07 V                  ; 2.72 V             ; -0.036 V           ; 0.26 V                              ; 0.2 V                               ; 4.68e-10 s                 ; 6.71e-10 s                 ; No                        ; Yes                       ;
; GPIO2[2]       ; 2.5 V        ; 0 s                 ; 0 s                 ; 2.62 V                       ; 2.35e-07 V                   ; 2.72 V              ; -0.037 V            ; 0.262 V                              ; 0.199 V                              ; 4.69e-10 s                  ; 6.73e-10 s                  ; No                         ; Yes                        ; 2.62 V                      ; 2.35e-07 V                  ; 2.72 V             ; -0.037 V           ; 0.262 V                             ; 0.199 V                             ; 4.69e-10 s                 ; 6.73e-10 s                 ; No                        ; Yes                       ;
; GPIO2[3]       ; 2.5 V        ; 0 s                 ; 0 s                 ; 2.62 V                       ; 2.35e-07 V                   ; 2.72 V              ; -0.036 V            ; 0.26 V                               ; 0.2 V                                ; 4.68e-10 s                  ; 6.71e-10 s                  ; No                         ; Yes                        ; 2.62 V                      ; 2.35e-07 V                  ; 2.72 V             ; -0.036 V           ; 0.26 V                              ; 0.2 V                               ; 4.68e-10 s                 ; 6.71e-10 s                 ; No                        ; Yes                       ;
; GPIO2[4]       ; 2.5 V        ; 0 s                 ; 0 s                 ; 2.62 V                       ; 2.35e-07 V                   ; 2.72 V              ; -0.037 V            ; 0.262 V                              ; 0.199 V                              ; 4.69e-10 s                  ; 6.73e-10 s                  ; No                         ; Yes                        ; 2.62 V                      ; 2.35e-07 V                  ; 2.72 V             ; -0.037 V           ; 0.262 V                             ; 0.199 V                             ; 4.69e-10 s                 ; 6.73e-10 s                 ; No                        ; Yes                       ;
; GPIO2[5]       ; 2.5 V        ; 0 s                 ; 0 s                 ; 2.62 V                       ; 2.35e-07 V                   ; 2.72 V              ; -0.036 V            ; 0.26 V                               ; 0.2 V                                ; 4.68e-10 s                  ; 6.71e-10 s                  ; No                         ; Yes                        ; 2.62 V                      ; 2.35e-07 V                  ; 2.72 V             ; -0.036 V           ; 0.26 V                              ; 0.2 V                               ; 4.68e-10 s                 ; 6.71e-10 s                 ; No                        ; Yes                       ;
; GPIO2[6]       ; 2.5 V        ; 0 s                 ; 0 s                 ; 2.62 V                       ; 2.35e-07 V                   ; 2.72 V              ; -0.036 V            ; 0.26 V                               ; 0.2 V                                ; 4.68e-10 s                  ; 6.71e-10 s                  ; No                         ; Yes                        ; 2.62 V                      ; 2.35e-07 V                  ; 2.72 V             ; -0.036 V           ; 0.26 V                              ; 0.2 V                               ; 4.68e-10 s                 ; 6.71e-10 s                 ; No                        ; Yes                       ;
; GPIO2[7]       ; 2.5 V        ; 0 s                 ; 0 s                 ; 2.62 V                       ; 2.35e-07 V                   ; 2.72 V              ; -0.036 V            ; 0.26 V                               ; 0.2 V                                ; 4.68e-10 s                  ; 6.71e-10 s                  ; No                         ; Yes                        ; 2.62 V                      ; 2.35e-07 V                  ; 2.72 V             ; -0.036 V           ; 0.26 V                              ; 0.2 V                               ; 4.68e-10 s                 ; 6.71e-10 s                 ; No                        ; Yes                       ;
; GPIO2[8]       ; 2.5 V        ; 0 s                 ; 0 s                 ; 2.62 V                       ; 2.35e-07 V                   ; 2.72 V              ; -0.037 V            ; 0.262 V                              ; 0.199 V                              ; 4.69e-10 s                  ; 6.73e-10 s                  ; No                         ; Yes                        ; 2.62 V                      ; 2.35e-07 V                  ; 2.72 V             ; -0.037 V           ; 0.262 V                             ; 0.199 V                             ; 4.69e-10 s                 ; 6.73e-10 s                 ; No                        ; Yes                       ;
; GPIO2[9]       ; 2.5 V        ; 0 s                 ; 0 s                 ; 2.62 V                       ; 2.35e-07 V                   ; 2.72 V              ; -0.037 V            ; 0.262 V                              ; 0.199 V                              ; 4.69e-10 s                  ; 6.73e-10 s                  ; No                         ; Yes                        ; 2.62 V                      ; 2.35e-07 V                  ; 2.72 V             ; -0.037 V           ; 0.262 V                             ; 0.199 V                             ; 4.69e-10 s                 ; 6.73e-10 s                 ; No                        ; Yes                       ;
; GPIO2[10]      ; 2.5 V        ; 0 s                 ; 0 s                 ; 2.62 V                       ; 2.35e-07 V                   ; 2.72 V              ; -0.036 V            ; 0.26 V                               ; 0.2 V                                ; 4.68e-10 s                  ; 6.71e-10 s                  ; No                         ; Yes                        ; 2.62 V                      ; 2.35e-07 V                  ; 2.72 V             ; -0.036 V           ; 0.26 V                              ; 0.2 V                               ; 4.68e-10 s                 ; 6.71e-10 s                 ; No                        ; Yes                       ;
; GPIO2[11]      ; 2.5 V        ; 0 s                 ; 0 s                 ; 2.62 V                       ; 2.35e-07 V                   ; 2.71 V              ; -0.034 V            ; 0.324 V                              ; 0.132 V                              ; 4.92e-10 s                  ; 8.3e-10 s                   ; No                         ; No                         ; 2.62 V                      ; 2.35e-07 V                  ; 2.71 V             ; -0.034 V           ; 0.324 V                             ; 0.132 V                             ; 4.92e-10 s                 ; 8.3e-10 s                  ; No                        ; No                        ;
; GPIO2[12]      ; 2.5 V        ; 0 s                 ; 0 s                 ; 2.62 V                       ; 2.35e-07 V                   ; 2.72 V              ; -0.036 V            ; 0.26 V                               ; 0.2 V                                ; 4.68e-10 s                  ; 6.71e-10 s                  ; No                         ; Yes                        ; 2.62 V                      ; 2.35e-07 V                  ; 2.72 V             ; -0.036 V           ; 0.26 V                              ; 0.2 V                               ; 4.68e-10 s                 ; 6.71e-10 s                 ; No                        ; Yes                       ;
; GPIO2[13]      ; 2.5 V        ; 0 s                 ; 0 s                 ; 2.62 V                       ; 2.35e-07 V                   ; 2.71 V              ; -0.0343 V           ; 0.325 V                              ; 0.133 V                              ; 4.93e-10 s                  ; 8.31e-10 s                  ; No                         ; No                         ; 2.62 V                      ; 2.35e-07 V                  ; 2.71 V             ; -0.0343 V          ; 0.325 V                             ; 0.133 V                             ; 4.93e-10 s                 ; 8.31e-10 s                 ; No                        ; No                        ;
; GPIO2[14]      ; 2.5 V        ; 0 s                 ; 0 s                 ; 2.62 V                       ; 2.35e-07 V                   ; 2.72 V              ; -0.037 V            ; 0.262 V                              ; 0.199 V                              ; 4.69e-10 s                  ; 6.73e-10 s                  ; No                         ; Yes                        ; 2.62 V                      ; 2.35e-07 V                  ; 2.72 V             ; -0.037 V           ; 0.262 V                             ; 0.199 V                             ; 4.69e-10 s                 ; 6.73e-10 s                 ; No                        ; Yes                       ;
; GPIO2[15]      ; 2.5 V        ; 0 s                 ; 0 s                 ; 2.62 V                       ; 2.35e-07 V                   ; 2.72 V              ; -0.036 V            ; 0.26 V                               ; 0.2 V                                ; 4.68e-10 s                  ; 6.71e-10 s                  ; No                         ; Yes                        ; 2.62 V                      ; 2.35e-07 V                  ; 2.72 V             ; -0.036 V           ; 0.26 V                              ; 0.2 V                               ; 4.68e-10 s                 ; 6.71e-10 s                 ; No                        ; Yes                       ;
; GPIO2[16]      ; 2.5 V        ; 0 s                 ; 0 s                 ; 2.62 V                       ; 2.35e-07 V                   ; 2.72 V              ; -0.037 V            ; 0.262 V                              ; 0.199 V                              ; 4.69e-10 s                  ; 6.73e-10 s                  ; No                         ; Yes                        ; 2.62 V                      ; 2.35e-07 V                  ; 2.72 V             ; -0.037 V           ; 0.262 V                             ; 0.199 V                             ; 4.69e-10 s                 ; 6.73e-10 s                 ; No                        ; Yes                       ;
; GPIO2[17]      ; 2.5 V        ; 0 s                 ; 0 s                 ; 2.62 V                       ; 2.35e-07 V                   ; 2.72 V              ; -0.037 V            ; 0.262 V                              ; 0.199 V                              ; 4.69e-10 s                  ; 6.73e-10 s                  ; No                         ; Yes                        ; 2.62 V                      ; 2.35e-07 V                  ; 2.72 V             ; -0.037 V           ; 0.262 V                             ; 0.199 V                             ; 4.69e-10 s                 ; 6.73e-10 s                 ; No                        ; Yes                       ;
; GPIO2[18]      ; 2.5 V        ; 0 s                 ; 0 s                 ; 2.62 V                       ; 2.35e-07 V                   ; 2.71 V              ; -0.034 V            ; 0.324 V                              ; 0.132 V                              ; 4.92e-10 s                  ; 8.3e-10 s                   ; No                         ; No                         ; 2.62 V                      ; 2.35e-07 V                  ; 2.71 V             ; -0.034 V           ; 0.324 V                             ; 0.132 V                             ; 4.92e-10 s                 ; 8.3e-10 s                  ; No                        ; No                        ;
; GPIO2[19]      ; 2.5 V        ; 0 s                 ; 0 s                 ; 2.62 V                       ; 2.35e-07 V                   ; 2.72 V              ; -0.037 V            ; 0.262 V                              ; 0.199 V                              ; 4.69e-10 s                  ; 6.73e-10 s                  ; No                         ; Yes                        ; 2.62 V                      ; 2.35e-07 V                  ; 2.72 V             ; -0.037 V           ; 0.262 V                             ; 0.199 V                             ; 4.69e-10 s                 ; 6.73e-10 s                 ; No                        ; Yes                       ;
; GPIO2[20]      ; 2.5 V        ; 0 s                 ; 0 s                 ; 2.62 V                       ; 2.35e-07 V                   ; 2.72 V              ; -0.036 V            ; 0.26 V                               ; 0.2 V                                ; 4.68e-10 s                  ; 6.71e-10 s                  ; No                         ; Yes                        ; 2.62 V                      ; 2.35e-07 V                  ; 2.72 V             ; -0.036 V           ; 0.26 V                              ; 0.2 V                               ; 4.68e-10 s                 ; 6.71e-10 s                 ; No                        ; Yes                       ;
; GPIO2[21]      ; 2.5 V        ; 0 s                 ; 0 s                 ; 2.62 V                       ; 2.35e-07 V                   ; 2.72 V              ; -0.037 V            ; 0.262 V                              ; 0.199 V                              ; 4.69e-10 s                  ; 6.73e-10 s                  ; No                         ; Yes                        ; 2.62 V                      ; 2.35e-07 V                  ; 2.72 V             ; -0.037 V           ; 0.262 V                             ; 0.199 V                             ; 4.69e-10 s                 ; 6.73e-10 s                 ; No                        ; Yes                       ;
; GPIO2[22]      ; 2.5 V        ; 0 s                 ; 0 s                 ; 2.62 V                       ; 2.35e-07 V                   ; 2.72 V              ; -0.037 V            ; 0.262 V                              ; 0.199 V                              ; 4.69e-10 s                  ; 6.73e-10 s                  ; No                         ; Yes                        ; 2.62 V                      ; 2.35e-07 V                  ; 2.72 V             ; -0.037 V           ; 0.262 V                             ; 0.199 V                             ; 4.69e-10 s                 ; 6.73e-10 s                 ; No                        ; Yes                       ;
; GPIO2[23]      ; 2.5 V        ; 0 s                 ; 0 s                 ; 2.62 V                       ; 2.35e-07 V                   ; 2.71 V              ; -0.034 V            ; 0.324 V                              ; 0.132 V                              ; 4.92e-10 s                  ; 8.3e-10 s                   ; No                         ; No                         ; 2.62 V                      ; 2.35e-07 V                  ; 2.71 V             ; -0.034 V           ; 0.324 V                             ; 0.132 V                             ; 4.92e-10 s                 ; 8.3e-10 s                  ; No                        ; No                        ;
; GPIO2[24]      ; 2.5 V        ; 0 s                 ; 0 s                 ; 2.62 V                       ; 2.35e-07 V                   ; 2.71 V              ; -0.0343 V           ; 0.325 V                              ; 0.133 V                              ; 4.93e-10 s                  ; 8.31e-10 s                  ; No                         ; No                         ; 2.62 V                      ; 2.35e-07 V                  ; 2.71 V             ; -0.0343 V          ; 0.325 V                             ; 0.133 V                             ; 4.93e-10 s                 ; 8.31e-10 s                 ; No                        ; No                        ;
; GPIO2[25]      ; 2.5 V        ; 0 s                 ; 0 s                 ; 2.62 V                       ; 2.35e-07 V                   ; 2.72 V              ; -0.037 V            ; 0.262 V                              ; 0.199 V                              ; 4.69e-10 s                  ; 6.73e-10 s                  ; No                         ; Yes                        ; 2.62 V                      ; 2.35e-07 V                  ; 2.72 V             ; -0.037 V           ; 0.262 V                             ; 0.199 V                             ; 4.69e-10 s                 ; 6.73e-10 s                 ; No                        ; Yes                       ;
; GPIO2[26]      ; 2.5 V        ; 0 s                 ; 0 s                 ; 2.62 V                       ; 2.35e-07 V                   ; 2.72 V              ; -0.036 V            ; 0.26 V                               ; 0.2 V                                ; 4.68e-10 s                  ; 6.71e-10 s                  ; No                         ; Yes                        ; 2.62 V                      ; 2.35e-07 V                  ; 2.72 V             ; -0.036 V           ; 0.26 V                              ; 0.2 V                               ; 4.68e-10 s                 ; 6.71e-10 s                 ; No                        ; Yes                       ;
; GPIO2[27]      ; 2.5 V        ; 0 s                 ; 0 s                 ; 2.62 V                       ; 2.35e-07 V                   ; 2.72 V              ; -0.037 V            ; 0.262 V                              ; 0.199 V                              ; 4.69e-10 s                  ; 6.73e-10 s                  ; No                         ; Yes                        ; 2.62 V                      ; 2.35e-07 V                  ; 2.72 V             ; -0.037 V           ; 0.262 V                             ; 0.199 V                             ; 4.69e-10 s                 ; 6.73e-10 s                 ; No                        ; Yes                       ;
; GPIO2[28]      ; 2.5 V        ; 0 s                 ; 0 s                 ; 2.62 V                       ; 2.35e-07 V                   ; 2.72 V              ; -0.036 V            ; 0.26 V                               ; 0.2 V                                ; 4.68e-10 s                  ; 6.71e-10 s                  ; No                         ; Yes                        ; 2.62 V                      ; 2.35e-07 V                  ; 2.72 V             ; -0.036 V           ; 0.26 V                              ; 0.2 V                               ; 4.68e-10 s                 ; 6.71e-10 s                 ; No                        ; Yes                       ;
; GPIO2[29]      ; 2.5 V        ; 0 s                 ; 0 s                 ; 2.62 V                       ; 2.35e-07 V                   ; 2.72 V              ; -0.037 V            ; 0.262 V                              ; 0.199 V                              ; 4.69e-10 s                  ; 6.73e-10 s                  ; No                         ; Yes                        ; 2.62 V                      ; 2.35e-07 V                  ; 2.72 V             ; -0.037 V           ; 0.262 V                             ; 0.199 V                             ; 4.69e-10 s                 ; 6.73e-10 s                 ; No                        ; Yes                       ;
; GPIO2[30]      ; 2.5 V        ; 0 s                 ; 0 s                 ; 2.62 V                       ; 2.35e-07 V                   ; 2.72 V              ; -0.037 V            ; 0.262 V                              ; 0.199 V                              ; 4.69e-10 s                  ; 6.73e-10 s                  ; No                         ; Yes                        ; 2.62 V                      ; 2.35e-07 V                  ; 2.72 V             ; -0.037 V           ; 0.262 V                             ; 0.199 V                             ; 4.69e-10 s                 ; 6.73e-10 s                 ; No                        ; Yes                       ;
; GPIO2[31]      ; 2.5 V        ; 0 s                 ; 0 s                 ; 2.62 V                       ; 2.35e-07 V                   ; 2.72 V              ; -0.036 V            ; 0.26 V                               ; 0.2 V                                ; 4.68e-10 s                  ; 6.71e-10 s                  ; No                         ; Yes                        ; 2.62 V                      ; 2.35e-07 V                  ; 2.72 V             ; -0.036 V           ; 0.26 V                              ; 0.2 V                               ; 4.68e-10 s                 ; 6.71e-10 s                 ; No                        ; Yes                       ;
; I2C0_SCL       ; 2.5 V        ; 0 s                 ; 0 s                 ; 2.62 V                       ; 2.35e-07 V                   ; 2.72 V              ; -0.036 V            ; 0.26 V                               ; 0.2 V                                ; 4.68e-10 s                  ; 6.71e-10 s                  ; No                         ; Yes                        ; 2.62 V                      ; 2.35e-07 V                  ; 2.72 V             ; -0.036 V           ; 0.26 V                              ; 0.2 V                               ; 4.68e-10 s                 ; 6.71e-10 s                 ; No                        ; Yes                       ;
; I2C0_SDA       ; 2.5 V        ; 0 s                 ; 0 s                 ; 2.62 V                       ; 2.35e-07 V                   ; 2.71 V              ; -0.0343 V           ; 0.325 V                              ; 0.133 V                              ; 4.93e-10 s                  ; 8.31e-10 s                  ; No                         ; No                         ; 2.62 V                      ; 2.35e-07 V                  ; 2.71 V             ; -0.0343 V          ; 0.325 V                             ; 0.133 V                             ; 4.93e-10 s                 ; 8.31e-10 s                 ; No                        ; No                        ;
; I2C1_SCL       ; 2.5 V        ; 0 s                 ; 0 s                 ; 2.62 V                       ; 2.35e-07 V                   ; 2.72 V              ; -0.036 V            ; 0.26 V                               ; 0.2 V                                ; 4.68e-10 s                  ; 6.71e-10 s                  ; No                         ; Yes                        ; 2.62 V                      ; 2.35e-07 V                  ; 2.72 V             ; -0.036 V           ; 0.26 V                              ; 0.2 V                               ; 4.68e-10 s                 ; 6.71e-10 s                 ; No                        ; Yes                       ;
; I2C1_SDA       ; 2.5 V        ; 0 s                 ; 0 s                 ; 2.62 V                       ; 2.35e-07 V                   ; 2.72 V              ; -0.037 V            ; 0.262 V                              ; 0.199 V                              ; 4.69e-10 s                  ; 6.73e-10 s                  ; No                         ; Yes                        ; 2.62 V                      ; 2.35e-07 V                  ; 2.72 V             ; -0.037 V           ; 0.262 V                             ; 0.199 V                             ; 4.69e-10 s                 ; 6.73e-10 s                 ; No                        ; Yes                       ;
; SDRAM_DQ[0]    ; 2.5 V        ; 0 s                 ; 0 s                 ; 2.62 V                       ; 2.35e-07 V                   ; 2.72 V              ; -0.037 V            ; 0.262 V                              ; 0.199 V                              ; 4.69e-10 s                  ; 6.73e-10 s                  ; No                         ; Yes                        ; 2.62 V                      ; 2.35e-07 V                  ; 2.72 V             ; -0.037 V           ; 0.262 V                             ; 0.199 V                             ; 4.69e-10 s                 ; 6.73e-10 s                 ; No                        ; Yes                       ;
; SDRAM_DQ[1]    ; 2.5 V        ; 0 s                 ; 0 s                 ; 2.62 V                       ; 2.35e-07 V                   ; 2.72 V              ; -0.036 V            ; 0.26 V                               ; 0.2 V                                ; 4.68e-10 s                  ; 6.71e-10 s                  ; No                         ; Yes                        ; 2.62 V                      ; 2.35e-07 V                  ; 2.72 V             ; -0.036 V           ; 0.26 V                              ; 0.2 V                               ; 4.68e-10 s                 ; 6.71e-10 s                 ; No                        ; Yes                       ;
; SDRAM_DQ[2]    ; 2.5 V        ; 0 s                 ; 0 s                 ; 2.62 V                       ; 2.35e-07 V                   ; 2.72 V              ; -0.037 V            ; 0.262 V                              ; 0.199 V                              ; 4.69e-10 s                  ; 6.73e-10 s                  ; No                         ; Yes                        ; 2.62 V                      ; 2.35e-07 V                  ; 2.72 V             ; -0.037 V           ; 0.262 V                             ; 0.199 V                             ; 4.69e-10 s                 ; 6.73e-10 s                 ; No                        ; Yes                       ;
; SDRAM_DQ[3]    ; 2.5 V        ; 0 s                 ; 0 s                 ; 2.62 V                       ; 2.35e-07 V                   ; 2.72 V              ; -0.036 V            ; 0.26 V                               ; 0.2 V                                ; 4.68e-10 s                  ; 6.71e-10 s                  ; No                         ; Yes                        ; 2.62 V                      ; 2.35e-07 V                  ; 2.72 V             ; -0.036 V           ; 0.26 V                              ; 0.2 V                               ; 4.68e-10 s                 ; 6.71e-10 s                 ; No                        ; Yes                       ;
; SDRAM_DQ[4]    ; 2.5 V        ; 0 s                 ; 0 s                 ; 2.62 V                       ; 2.35e-07 V                   ; 2.72 V              ; -0.036 V            ; 0.26 V                               ; 0.2 V                                ; 4.68e-10 s                  ; 6.71e-10 s                  ; No                         ; Yes                        ; 2.62 V                      ; 2.35e-07 V                  ; 2.72 V             ; -0.036 V           ; 0.26 V                              ; 0.2 V                               ; 4.68e-10 s                 ; 6.71e-10 s                 ; No                        ; Yes                       ;
; SDRAM_DQ[5]    ; 2.5 V        ; 0 s                 ; 0 s                 ; 2.62 V                       ; 2.35e-07 V                   ; 2.72 V              ; -0.037 V            ; 0.262 V                              ; 0.199 V                              ; 4.69e-10 s                  ; 6.73e-10 s                  ; No                         ; Yes                        ; 2.62 V                      ; 2.35e-07 V                  ; 2.72 V             ; -0.037 V           ; 0.262 V                             ; 0.199 V                             ; 4.69e-10 s                 ; 6.73e-10 s                 ; No                        ; Yes                       ;
; SDRAM_DQ[6]    ; 2.5 V        ; 0 s                 ; 0 s                 ; 2.62 V                       ; 2.35e-07 V                   ; 2.72 V              ; -0.037 V            ; 0.262 V                              ; 0.199 V                              ; 4.69e-10 s                  ; 6.73e-10 s                  ; No                         ; Yes                        ; 2.62 V                      ; 2.35e-07 V                  ; 2.72 V             ; -0.037 V           ; 0.262 V                             ; 0.199 V                             ; 4.69e-10 s                 ; 6.73e-10 s                 ; No                        ; Yes                       ;
; SDRAM_DQ[7]    ; 2.5 V        ; 0 s                 ; 0 s                 ; 2.62 V                       ; 2.35e-07 V                   ; 2.72 V              ; -0.036 V            ; 0.26 V                               ; 0.2 V                                ; 4.68e-10 s                  ; 6.71e-10 s                  ; No                         ; Yes                        ; 2.62 V                      ; 2.35e-07 V                  ; 2.72 V             ; -0.036 V           ; 0.26 V                              ; 0.2 V                               ; 4.68e-10 s                 ; 6.71e-10 s                 ; No                        ; Yes                       ;
; SDRAM_DQ[8]    ; 2.5 V        ; 0 s                 ; 0 s                 ; 2.62 V                       ; 2.35e-07 V                   ; 2.72 V              ; -0.036 V            ; 0.26 V                               ; 0.2 V                                ; 4.68e-10 s                  ; 6.71e-10 s                  ; No                         ; Yes                        ; 2.62 V                      ; 2.35e-07 V                  ; 2.72 V             ; -0.036 V           ; 0.26 V                              ; 0.2 V                               ; 4.68e-10 s                 ; 6.71e-10 s                 ; No                        ; Yes                       ;
; SDRAM_DQ[9]    ; 2.5 V        ; 0 s                 ; 0 s                 ; 2.62 V                       ; 2.35e-07 V                   ; 2.72 V              ; -0.036 V            ; 0.26 V                               ; 0.2 V                                ; 4.68e-10 s                  ; 6.71e-10 s                  ; No                         ; Yes                        ; 2.62 V                      ; 2.35e-07 V                  ; 2.72 V             ; -0.036 V           ; 0.26 V                              ; 0.2 V                               ; 4.68e-10 s                 ; 6.71e-10 s                 ; No                        ; Yes                       ;
; SDRAM_DQ[10]   ; 2.5 V        ; 0 s                 ; 0 s                 ; 2.62 V                       ; 2.35e-07 V                   ; 2.72 V              ; -0.037 V            ; 0.262 V                              ; 0.199 V                              ; 4.69e-10 s                  ; 6.73e-10 s                  ; No                         ; Yes                        ; 2.62 V                      ; 2.35e-07 V                  ; 2.72 V             ; -0.037 V           ; 0.262 V                             ; 0.199 V                             ; 4.69e-10 s                 ; 6.73e-10 s                 ; No                        ; Yes                       ;
; SDRAM_DQ[11]   ; 2.5 V        ; 0 s                 ; 0 s                 ; 2.62 V                       ; 2.35e-07 V                   ; 2.72 V              ; -0.036 V            ; 0.26 V                               ; 0.2 V                                ; 4.68e-10 s                  ; 6.71e-10 s                  ; No                         ; Yes                        ; 2.62 V                      ; 2.35e-07 V                  ; 2.72 V             ; -0.036 V           ; 0.26 V                              ; 0.2 V                               ; 4.68e-10 s                 ; 6.71e-10 s                 ; No                        ; Yes                       ;
; SDRAM_DQ[12]   ; 2.5 V        ; 0 s                 ; 0 s                 ; 2.62 V                       ; 2.35e-07 V                   ; 2.72 V              ; -0.036 V            ; 0.26 V                               ; 0.2 V                                ; 4.68e-10 s                  ; 6.71e-10 s                  ; No                         ; Yes                        ; 2.62 V                      ; 2.35e-07 V                  ; 2.72 V             ; -0.036 V           ; 0.26 V                              ; 0.2 V                               ; 4.68e-10 s                 ; 6.71e-10 s                 ; No                        ; Yes                       ;
; SDRAM_DQ[13]   ; 2.5 V        ; 0 s                 ; 0 s                 ; 2.62 V                       ; 2.35e-07 V                   ; 2.72 V              ; -0.036 V            ; 0.26 V                               ; 0.2 V                                ; 4.68e-10 s                  ; 6.71e-10 s                  ; No                         ; Yes                        ; 2.62 V                      ; 2.35e-07 V                  ; 2.72 V             ; -0.036 V           ; 0.26 V                              ; 0.2 V                               ; 4.68e-10 s                 ; 6.71e-10 s                 ; No                        ; Yes                       ;
; SDRAM_DQ[14]   ; 2.5 V        ; 0 s                 ; 0 s                 ; 2.62 V                       ; 2.35e-07 V                   ; 2.72 V              ; -0.037 V            ; 0.262 V                              ; 0.199 V                              ; 4.69e-10 s                  ; 6.73e-10 s                  ; No                         ; Yes                        ; 2.62 V                      ; 2.35e-07 V                  ; 2.72 V             ; -0.037 V           ; 0.262 V                             ; 0.199 V                             ; 4.69e-10 s                 ; 6.73e-10 s                 ; No                        ; Yes                       ;
; SDRAM_DQ[15]   ; 2.5 V        ; 0 s                 ; 0 s                 ; 2.62 V                       ; 2.35e-07 V                   ; 2.72 V              ; -0.037 V            ; 0.262 V                              ; 0.199 V                              ; 4.69e-10 s                  ; 6.73e-10 s                  ; No                         ; Yes                        ; 2.62 V                      ; 2.35e-07 V                  ; 2.72 V             ; -0.037 V           ; 0.262 V                             ; 0.199 V                             ; 4.69e-10 s                 ; 6.73e-10 s                 ; No                        ; Yes                       ;
; ~ALTERA_TDO~   ; 2.5 V        ; 0 s                 ; 0 s                 ; 2.62 V                       ; 1.68e-07 V                   ; 2.73 V              ; -0.0395 V           ; 0.362 V                              ; 0.109 V                              ; 3.11e-10 s                  ; 4.41e-10 s                  ; No                         ; Yes                        ; 2.62 V                      ; 1.68e-07 V                  ; 2.73 V             ; -0.0395 V          ; 0.362 V                             ; 0.109 V                             ; 3.11e-10 s                 ; 4.41e-10 s                 ; No                        ; Yes                       ;
+----------------+--------------+---------------------+---------------------+------------------------------+------------------------------+---------------------+---------------------+--------------------------------------+--------------------------------------+-----------------------------+-----------------------------+----------------------------+----------------------------+-----------------------------+-----------------------------+--------------------+--------------------+-------------------------------------+-------------------------------------+----------------------------+----------------------------+---------------------------+---------------------------+


+-----------------------------------------------------------------------------+
; Setup Transfers                                                             ;
+------------+----------+--------------+------------+------------+------------+
; From Clock ; To Clock ; RR Paths     ; FR Paths   ; RF Paths   ; FF Paths   ;
+------------+----------+--------------+------------+------------+------------+
; CLK        ; CLK      ; > 2147483647 ; 2          ; 1          ; 0          ;
; CLK50      ; CLK      ; 1026         ; 0          ; 0          ; 0          ;
; CLKLO      ; CLK      ; false path   ; false path ; 0          ; 0          ;
; LOCK       ; CLK      ; false path   ; false path ; 0          ; 0          ;
; TCKC       ; CLK      ; false path   ; false path ; 0          ; 0          ;
; TCKi       ; CLK      ; false path   ; false path ; 0          ; 0          ;
; TCKo       ; CLK      ; false path   ; false path ; 0          ; 0          ;
; TMSC       ; CLK      ; false path   ; false path ; 0          ; 0          ;
; CLK50      ; CLK50    ; 408          ; 0          ; 0          ; 0          ;
; CLK        ; CLKLO    ; false path   ; false path ; 0          ; 0          ;
; CLK50      ; CLKLO    ; 1026         ; 0          ; 0          ; 0          ;
; CLKLO      ; CLKLO    ; > 2147483647 ; 2          ; 1          ; 0          ;
; LOCK       ; CLKLO    ; false path   ; false path ; 0          ; 0          ;
; TCKC       ; CLKLO    ; false path   ; false path ; 0          ; 0          ;
; TCKi       ; CLKLO    ; false path   ; false path ; 0          ; 0          ;
; TCKo       ; CLKLO    ; false path   ; false path ; 0          ; 0          ;
; TMSC       ; CLKLO    ; false path   ; false path ; 0          ; 0          ;
; CLK        ; LOCK     ; false path   ; 0          ; 0          ; 0          ;
; CLKLO      ; LOCK     ; false path   ; 0          ; 0          ; 0          ;
; CLK        ; TCKC     ; false path   ; 0          ; 0          ; 0          ;
; CLKLO      ; TCKC     ; false path   ; 0          ; 0          ; 0          ;
; TCKC       ; TCKC     ; 5051         ; 7          ; 41         ; 5          ;
; TCKi       ; TCKC     ; false path   ; false path ; false path ; 0          ;
; TCKo       ; TCKC     ; false path   ; false path ; false path ; false path ;
; TMSC       ; TCKC     ; false path   ; false path ; 0          ; 0          ;
; CLK        ; TCKi     ; false path   ; 0          ; 0          ; 0          ;
; CLKLO      ; TCKi     ; false path   ; 0          ; 0          ; 0          ;
; TCKC       ; TCKi     ; false path   ; false path ; false path ; 0          ;
; TCKi       ; TCKi     ; 5016         ; 2          ; 40         ; 0          ;
; TCKo       ; TCKi     ; false path   ; false path ; false path ; 0          ;
; CLK        ; TCKo     ; false path   ; 0          ; 0          ; 0          ;
; CLKLO      ; TCKo     ; false path   ; 0          ; 0          ; 0          ;
; TCKC       ; TCKo     ; false path   ; false path ; false path ; false path ;
; TCKi       ; TCKo     ; false path   ; false path ; false path ; 0          ;
; TCKo       ; TCKo     ; 5064         ; 5          ; 41         ; 5          ;
; TMSC       ; TCKo     ; false path   ; false path ; 0          ; 0          ;
; TCKC       ; TMSC     ; false path   ; false path ; 0          ; 0          ;
; TCKo       ; TMSC     ; false path   ; false path ; 0          ; 0          ;
; TMSC       ; TMSC     ; 10           ; 0          ; 0          ; 0          ;
+------------+----------+--------------+------------+------------+------------+
Entries labeled "false path" only account for clock-to-clock false paths and not path-based false paths. As a result, actual path counts may be lower than reported.


+-----------------------------------------------------------------------------+
; Hold Transfers                                                              ;
+------------+----------+--------------+------------+------------+------------+
; From Clock ; To Clock ; RR Paths     ; FR Paths   ; RF Paths   ; FF Paths   ;
+------------+----------+--------------+------------+------------+------------+
; CLK        ; CLK      ; > 2147483647 ; 2          ; 1          ; 0          ;
; CLK50      ; CLK      ; 1026         ; 0          ; 0          ; 0          ;
; CLKLO      ; CLK      ; false path   ; false path ; 0          ; 0          ;
; LOCK       ; CLK      ; false path   ; false path ; 0          ; 0          ;
; TCKC       ; CLK      ; false path   ; false path ; 0          ; 0          ;
; TCKi       ; CLK      ; false path   ; false path ; 0          ; 0          ;
; TCKo       ; CLK      ; false path   ; false path ; 0          ; 0          ;
; TMSC       ; CLK      ; false path   ; false path ; 0          ; 0          ;
; CLK50      ; CLK50    ; 408          ; 0          ; 0          ; 0          ;
; CLK        ; CLKLO    ; false path   ; false path ; 0          ; 0          ;
; CLK50      ; CLKLO    ; 1026         ; 0          ; 0          ; 0          ;
; CLKLO      ; CLKLO    ; > 2147483647 ; 2          ; 1          ; 0          ;
; LOCK       ; CLKLO    ; false path   ; false path ; 0          ; 0          ;
; TCKC       ; CLKLO    ; false path   ; false path ; 0          ; 0          ;
; TCKi       ; CLKLO    ; false path   ; false path ; 0          ; 0          ;
; TCKo       ; CLKLO    ; false path   ; false path ; 0          ; 0          ;
; TMSC       ; CLKLO    ; false path   ; false path ; 0          ; 0          ;
; CLK        ; LOCK     ; false path   ; 0          ; 0          ; 0          ;
; CLKLO      ; LOCK     ; false path   ; 0          ; 0          ; 0          ;
; CLK        ; TCKC     ; false path   ; 0          ; 0          ; 0          ;
; CLKLO      ; TCKC     ; false path   ; 0          ; 0          ; 0          ;
; TCKC       ; TCKC     ; 5051         ; 7          ; 41         ; 5          ;
; TCKi       ; TCKC     ; false path   ; false path ; false path ; 0          ;
; TCKo       ; TCKC     ; false path   ; false path ; false path ; false path ;
; TMSC       ; TCKC     ; false path   ; false path ; 0          ; 0          ;
; CLK        ; TCKi     ; false path   ; 0          ; 0          ; 0          ;
; CLKLO      ; TCKi     ; false path   ; 0          ; 0          ; 0          ;
; TCKC       ; TCKi     ; false path   ; false path ; false path ; 0          ;
; TCKi       ; TCKi     ; 5016         ; 2          ; 40         ; 0          ;
; TCKo       ; TCKi     ; false path   ; false path ; false path ; 0          ;
; CLK        ; TCKo     ; false path   ; 0          ; 0          ; 0          ;
; CLKLO      ; TCKo     ; false path   ; 0          ; 0          ; 0          ;
; TCKC       ; TCKo     ; false path   ; false path ; false path ; false path ;
; TCKi       ; TCKo     ; false path   ; false path ; false path ; 0          ;
; TCKo       ; TCKo     ; 5064         ; 5          ; 41         ; 5          ;
; TMSC       ; TCKo     ; false path   ; false path ; 0          ; 0          ;
; TCKC       ; TMSC     ; false path   ; false path ; 0          ; 0          ;
; TCKo       ; TMSC     ; false path   ; false path ; 0          ; 0          ;
; TMSC       ; TMSC     ; 10           ; 0          ; 0          ; 0          ;
+------------+----------+--------------+------------+------------+------------+
Entries labeled "false path" only account for clock-to-clock false paths and not path-based false paths. As a result, actual path counts may be lower than reported.


+---------------------------------------------------------------------------+
; Recovery Transfers                                                        ;
+------------+----------+------------+------------+------------+------------+
; From Clock ; To Clock ; RR Paths   ; FR Paths   ; RF Paths   ; FF Paths   ;
+------------+----------+------------+------------+------------+------------+
; CLK        ; CLK      ; 15885      ; 0          ; 0          ; 0          ;
; CLK50      ; CLK      ; 11922      ; 0          ; 0          ; 0          ;
; CLKLO      ; CLK      ; false path ; 0          ; 0          ; 0          ;
; LOCK       ; CLK      ; false path ; false path ; 0          ; 0          ;
; TCKC       ; CLK      ; false path ; 0          ; 0          ; 0          ;
; TCKi       ; CLK      ; false path ; 0          ; 0          ; 0          ;
; TCKo       ; CLK      ; false path ; 0          ; 0          ; 0          ;
; TMSC       ; CLK      ; false path ; false path ; 0          ; 0          ;
; CLK        ; CLKLO    ; false path ; 0          ; 0          ; 0          ;
; CLK50      ; CLKLO    ; 11922      ; 0          ; 0          ; 0          ;
; CLKLO      ; CLKLO    ; 15885      ; 0          ; 0          ; 0          ;
; LOCK       ; CLKLO    ; false path ; false path ; 0          ; 0          ;
; TCKC       ; CLKLO    ; false path ; 0          ; 0          ; 0          ;
; TCKi       ; CLKLO    ; false path ; 0          ; 0          ; 0          ;
; TCKo       ; CLKLO    ; false path ; 0          ; 0          ; 0          ;
; TMSC       ; CLKLO    ; false path ; false path ; 0          ; 0          ;
; CLK        ; LOCK     ; false path ; 0          ; 0          ; 0          ;
; CLK50      ; LOCK     ; 2          ; 0          ; 0          ; 0          ;
; CLKLO      ; LOCK     ; false path ; 0          ; 0          ; 0          ;
; CLK        ; TCKC     ; false path ; 0          ; false path ; 0          ;
; CLK50      ; TCKC     ; false path ; 0          ; false path ; 0          ;
; CLKLO      ; TCKC     ; false path ; 0          ; false path ; 0          ;
; LOCK       ; TCKC     ; false path ; false path ; false path ; false path ;
; TCKC       ; TCKC     ; 1580       ; 146        ; 5          ; 2          ;
; TCKi       ; TCKC     ; false path ; 0          ; false path ; 0          ;
; TCKo       ; TCKC     ; false path ; false path ; false path ; false path ;
; TMSC       ; TCKC     ; false path ; false path ; false path ; 0          ;
; CLK        ; TCKi     ; false path ; 0          ; false path ; 0          ;
; CLK50      ; TCKi     ; false path ; 0          ; false path ; 0          ;
; CLKLO      ; TCKi     ; false path ; 0          ; false path ; 0          ;
; LOCK       ; TCKi     ; false path ; false path ; false path ; false path ;
; TCKC       ; TCKi     ; false path ; false path ; false path ; false path ;
; TCKi       ; TCKi     ; 1724       ; 0          ; 4          ; 0          ;
; TCKo       ; TCKi     ; false path ; false path ; false path ; false path ;
; CLK        ; TCKo     ; false path ; 0          ; false path ; 0          ;
; CLK50      ; TCKo     ; false path ; 0          ; false path ; 0          ;
; CLKLO      ; TCKo     ; false path ; 0          ; false path ; 0          ;
; LOCK       ; TCKo     ; false path ; false path ; false path ; false path ;
; TCKC       ; TCKo     ; false path ; false path ; false path ; false path ;
; TCKi       ; TCKo     ; false path ; 0          ; false path ; 0          ;
; TCKo       ; TCKo     ; 1724       ; 146        ; 7          ; 2          ;
; TMSC       ; TCKo     ; false path ; false path ; false path ; 0          ;
; CLK        ; TMSC     ; false path ; 0          ; 0          ; 0          ;
; CLK50      ; TMSC     ; false path ; 0          ; 0          ; 0          ;
; CLKLO      ; TMSC     ; false path ; 0          ; 0          ; 0          ;
; LOCK       ; TMSC     ; false path ; false path ; 0          ; 0          ;
; TCKC       ; TMSC     ; false path ; false path ; 0          ; 0          ;
; TCKo       ; TMSC     ; false path ; false path ; 0          ; 0          ;
+------------+----------+------------+------------+------------+------------+
Entries labeled "false path" only account for clock-to-clock false paths and not path-based false paths. As a result, actual path counts may be lower than reported.


+---------------------------------------------------------------------------+
; Removal Transfers                                                         ;
+------------+----------+------------+------------+------------+------------+
; From Clock ; To Clock ; RR Paths   ; FR Paths   ; RF Paths   ; FF Paths   ;
+------------+----------+------------+------------+------------+------------+
; CLK        ; CLK      ; 15885      ; 0          ; 0          ; 0          ;
; CLK50      ; CLK      ; 11922      ; 0          ; 0          ; 0          ;
; CLKLO      ; CLK      ; false path ; 0          ; 0          ; 0          ;
; LOCK       ; CLK      ; false path ; false path ; 0          ; 0          ;
; TCKC       ; CLK      ; false path ; 0          ; 0          ; 0          ;
; TCKi       ; CLK      ; false path ; 0          ; 0          ; 0          ;
; TCKo       ; CLK      ; false path ; 0          ; 0          ; 0          ;
; TMSC       ; CLK      ; false path ; false path ; 0          ; 0          ;
; CLK        ; CLKLO    ; false path ; 0          ; 0          ; 0          ;
; CLK50      ; CLKLO    ; 11922      ; 0          ; 0          ; 0          ;
; CLKLO      ; CLKLO    ; 15885      ; 0          ; 0          ; 0          ;
; LOCK       ; CLKLO    ; false path ; false path ; 0          ; 0          ;
; TCKC       ; CLKLO    ; false path ; 0          ; 0          ; 0          ;
; TCKi       ; CLKLO    ; false path ; 0          ; 0          ; 0          ;
; TCKo       ; CLKLO    ; false path ; 0          ; 0          ; 0          ;
; TMSC       ; CLKLO    ; false path ; false path ; 0          ; 0          ;
; CLK        ; LOCK     ; false path ; 0          ; 0          ; 0          ;
; CLK50      ; LOCK     ; 2          ; 0          ; 0          ; 0          ;
; CLKLO      ; LOCK     ; false path ; 0          ; 0          ; 0          ;
; CLK        ; TCKC     ; false path ; 0          ; false path ; 0          ;
; CLK50      ; TCKC     ; false path ; 0          ; false path ; 0          ;
; CLKLO      ; TCKC     ; false path ; 0          ; false path ; 0          ;
; LOCK       ; TCKC     ; false path ; false path ; false path ; false path ;
; TCKC       ; TCKC     ; 1580       ; 146        ; 5          ; 2          ;
; TCKi       ; TCKC     ; false path ; 0          ; false path ; 0          ;
; TCKo       ; TCKC     ; false path ; false path ; false path ; false path ;
; TMSC       ; TCKC     ; false path ; false path ; false path ; 0          ;
; CLK        ; TCKi     ; false path ; 0          ; false path ; 0          ;
; CLK50      ; TCKi     ; false path ; 0          ; false path ; 0          ;
; CLKLO      ; TCKi     ; false path ; 0          ; false path ; 0          ;
; LOCK       ; TCKi     ; false path ; false path ; false path ; false path ;
; TCKC       ; TCKi     ; false path ; false path ; false path ; false path ;
; TCKi       ; TCKi     ; 1724       ; 0          ; 4          ; 0          ;
; TCKo       ; TCKi     ; false path ; false path ; false path ; false path ;
; CLK        ; TCKo     ; false path ; 0          ; false path ; 0          ;
; CLK50      ; TCKo     ; false path ; 0          ; false path ; 0          ;
; CLKLO      ; TCKo     ; false path ; 0          ; false path ; 0          ;
; LOCK       ; TCKo     ; false path ; false path ; false path ; false path ;
; TCKC       ; TCKo     ; false path ; false path ; false path ; false path ;
; TCKi       ; TCKo     ; false path ; 0          ; false path ; 0          ;
; TCKo       ; TCKo     ; 1724       ; 146        ; 7          ; 2          ;
; TMSC       ; TCKo     ; false path ; false path ; false path ; 0          ;
; CLK        ; TMSC     ; false path ; 0          ; 0          ; 0          ;
; CLK50      ; TMSC     ; false path ; 0          ; 0          ; 0          ;
; CLKLO      ; TMSC     ; false path ; 0          ; 0          ; 0          ;
; LOCK       ; TMSC     ; false path ; false path ; 0          ; 0          ;
; TCKC       ; TMSC     ; false path ; false path ; 0          ; 0          ;
; TCKo       ; TMSC     ; false path ; false path ; 0          ; 0          ;
+------------+----------+------------+------------+------------+------------+
Entries labeled "false path" only account for clock-to-clock false paths and not path-based false paths. As a result, actual path counts may be lower than reported.


---------------
; Report TCCS ;
---------------
No dedicated SERDES Transmitter circuitry present in device or used in design


---------------
; Report RSKM ;
---------------
No non-DPA dedicated SERDES Receiver circuitry present in device or used in design


+------------------------------------------------+
; Unconstrained Paths Summary                    ;
+---------------------------------+-------+------+
; Property                        ; Setup ; Hold ;
+---------------------------------+-------+------+
; Illegal Clocks                  ; 0     ; 0    ;
; Unconstrained Clocks            ; 0     ; 0    ;
; Unconstrained Input Ports       ; 0     ; 0    ;
; Unconstrained Input Port Paths  ; 0     ; 0    ;
; Unconstrained Output Ports      ; 0     ; 0    ;
; Unconstrained Output Port Paths ; 0     ; 0    ;
+---------------------------------+-------+------+


+----------------------------------------------------------------------------------------------+
; Clock Status Summary                                                                         ;
+-----------------------------------------------------------------+-------+------+-------------+
; Target                                                          ; Clock ; Type ; Status      ;
+-----------------------------------------------------------------+-------+------+-------------+
; CLK50                                                           ; CLK50 ; Base ; Constrained ;
; TCK                                                             ; TCKi  ; Base ; Constrained ;
; TCKC_rep                                                        ; TCKC  ; Base ; Constrained ;
; TCKC_rep                                                        ; TCKo  ; Base ; Constrained ;
; TMSC_rep                                                        ; TMSC  ; Base ; Constrained ;
; U_CHIP_TOP|U_PLL|altpll_component|auto_generated|locked|combout ; LOCK  ; Base ; Constrained ;
; U_CHIP_TOP|U_PLL|altpll_component|auto_generated|pll1|clk[0]    ; CLK   ; Base ; Constrained ;
; U_CHIP_TOP|U_PLL|altpll_component|auto_generated|pll1|clk[2]    ; CLKLO ; Base ; Constrained ;
+-----------------------------------------------------------------+-------+------+-------------+


+--------------------------+
; Timing Analyzer Messages ;
+--------------------------+
Info: *******************************************************************
Info: Running Quartus Prime Timing Analyzer
    Info: Version 24.1std.0 Build 1077 03/04/2025 SC Lite Edition
    Info: Processing started: Tue May 12 22:41:54 2026
Info: Command: quartus_sta mmRISC -c mmRISC
Info: qsta_default_script.tcl version: #1
Info (20032): Parallel compilation is enabled and will use up to 2 processors
Info (21077): Low junction temperature is 0 degrees C
Info (21077): High junction temperature is 85 degrees C
Warning (335093): The Timing Analyzer is analyzing 2 combinational loops as latches. For more details, run the Check Timing command in the Timing Analyzer or view the "User-Specified and Inferred Latches" table in the Analysis & Synthesis report.
Info (332104): Reading SDC File: 'mmRISC.sdc'
Warning (332174): Ignored filter at mmRISC.sdc(3): U_CHIP_TOP|U_PLL|altpll_component|auto_generated|wire_pll1_clk[1] could not be matched with a net File: C:/Mac/Home/Documents/CQ/RISCV/mmRISC/mmRISC-1/fpga/mmRISC.sdc Line: 3
Warning (332049): Ignored create_clock at mmRISC.sdc(3): Argument <targets> is an empty collection File: C:/Mac/Home/Documents/CQ/RISCV/mmRISC/mmRISC-1/fpga/mmRISC.sdc Line: 3
    Info (332050): create_clock -name CLK   -period  60.000 [get_nets {U_CHIP_TOP|U_PLL|altpll_component|auto_generated|wire_pll1_clk[1]}] File: C:/Mac/Home/Documents/CQ/RISCV/mmRISC/mmRISC-1/fpga/mmRISC.sdc Line: 3
Info (332099):  You called derive_pll_clocks. User-defined clock found on pll: U_CHIP_TOP|U_PLL|altpll_component|auto_generated|pll1|clk[0]. Original clock has priority over derived pll clocks. No clocks added to this pll.
Info (332099):  You called derive_pll_clocks. User-defined clock found on pll: U_CHIP_TOP|U_PLL|altpll_component|auto_generated|pll1|clk[2]. Original clock has priority over derived pll clocks. No clocks added to this pll.
Info (332151): Clock uncertainty is not calculated until you update the timing netlist.
Warning (332049): Ignored set_output_delay at mmRISC.sdc(99): Positional argument: object_list targets with value [get_ports {TCKC_rep}] contains no output ports File: C:/Mac/Home/Documents/CQ/RISCV/mmRISC/mmRISC-1/fpga/mmRISC.sdc Line: 99
    Info (332050): set_output_delay -clock {TMSC }  5 [get_ports {TCKC_rep}] -add_delay File: C:/Mac/Home/Documents/CQ/RISCV/mmRISC/mmRISC-1/fpga/mmRISC.sdc Line: 99
Info (332097): The following timing edges are non-unate.  The Timing Analyzer will assume pos-unate behavior for these edges in the clock network.
    Info (332098): Cell: TMSC_rep~output  from: oe  to: o
Info (332123): Deriving Clock Uncertainty. Please refer to report_sdc in the Timing Analyzer to see clock uncertainties.
Warning (332056): PLL cross checking found inconsistent PLL clock settings:
    Warning (332056): Clock: CLK with period: 50.000 found on PLL node: U_CHIP_TOP|U_PLL|altpll_component|auto_generated|pll1|clk[0] does not match the period requirement: 20.000
    Warning (332056): Clock: CLKLO with period: 10000.000 found on PLL node: U_CHIP_TOP|U_PLL|altpll_component|auto_generated|pll1|clk[2] does not match the period requirement: 20.000
Info: Found TIMING_ANALYZER_REPORT_SCRIPT_INCLUDE_DEFAULT_ANALYSIS = ON
Info: Analyzing Slow 1200mV 85C Model
Info: Can't run Report Timing Closure Recommendations. The current device family is not supported.
Info (332146): Worst-case setup slack is 0.735
    Info (332119):     Slack       End Point TNS Clock 
    Info (332119): ========= =================== =====================
    Info (332119):     0.735               0.000 CLK 
    Info (332119):    10.756               0.000 CLKLO 
    Info (332119):    14.812               0.000 CLK50 
    Info (332119):    28.047               0.000 TCKo 
    Info (332119):    30.894               0.000 TCKi 
    Info (332119):    33.634               0.000 TCKC 
    Info (332119):    98.163               0.000 TMSC 
Info (332146): Worst-case hold slack is 0.340
    Info (332119):     Slack       End Point TNS Clock 
    Info (332119): ========= =================== =====================
    Info (332119):     0.340               0.000 CLK 
    Info (332119):     0.340               0.000 CLKLO 
    Info (332119):     0.341               0.000 TCKC 
    Info (332119):     0.341               0.000 TCKi 
    Info (332119):     0.341               0.000 TCKo 
    Info (332119):     0.357               0.000 CLK50 
    Info (332119):     0.378               0.000 TMSC 
Info (332146): Worst-case recovery slack is 1.442
    Info (332119):     Slack       End Point TNS Clock 
    Info (332119): ========= =================== =====================
    Info (332119):     1.442               0.000 CLK 
    Info (332119):    10.699               0.000 LOCK 
    Info (332119):    11.463               0.000 CLKLO 
    Info (332119):    34.876               0.000 TCKi 
    Info (332119):    37.599               0.000 TCKo 
    Info (332119):    40.057               0.000 TCKC 
Info (332146): Worst-case removal slack is 1.357
    Info (332119):     Slack       End Point TNS Clock 
    Info (332119): ========= =================== =====================
    Info (332119):     1.357               0.000 CLK 
    Info (332119):     1.357               0.000 CLKLO 
    Info (332119):     3.027               0.000 TCKC 
    Info (332119):     3.027               0.000 TCKo 
    Info (332119):     5.548               0.000 TCKi 
    Info (332119):     6.998               0.000 LOCK 
Info (332146): Worst-case minimum pulse width slack is 9.638
    Info (332119):     Slack       End Point TNS Clock 
    Info (332119): ========= =================== =====================
    Info (332119):     9.638               0.000 CLK50 
    Info (332119):    24.647               0.000 CLK 
    Info (332119):    49.625               0.000 TCKC 
    Info (332119):    49.625               0.000 TCKo 
    Info (332119):    49.645               0.000 TCKi 
    Info (332119):    49.717               0.000 TMSC 
    Info (332119):    49.760               0.000 LOCK 
    Info (332119):  4999.630               0.000 CLKLO 
Info (332114): Report Metastability: Found 7 synchronizer chains.
    Info (332114): The design MTBF is not calculated because there are no specified synchronizers in the design.
    Info (332114): Number of Synchronizer Chains Found: 7
    Info (332114): Shortest Synchronizer Chain: 2 Registers
    Info (332114): Fraction of Chains for which MTBFs Could Not be Calculated: 1.000
    Info (332114): Worst Case Available Settling Time: 78.174 ns
    Info (332114): 
Info: Analyzing Slow 1200mV 0C Model
Info (334003): Started post-fitting delay annotation
Info (334004): Delay annotation completed successfully
Info (332097): The following timing edges are non-unate.  The Timing Analyzer will assume pos-unate behavior for these edges in the clock network.
    Info (332098): Cell: TMSC_rep~output  from: oe  to: o
Info (332123): Deriving Clock Uncertainty. Please refer to report_sdc in the Timing Analyzer to see clock uncertainties.
Warning (332056): PLL cross checking found inconsistent PLL clock settings:
    Warning (332056): Clock: CLK with period: 50.000 found on PLL node: U_CHIP_TOP|U_PLL|altpll_component|auto_generated|pll1|clk[0] does not match the period requirement: 20.000
    Warning (332056): Clock: CLKLO with period: 10000.000 found on PLL node: U_CHIP_TOP|U_PLL|altpll_component|auto_generated|pll1|clk[2] does not match the period requirement: 20.000
Info (332146): Worst-case setup slack is 0.906
    Info (332119):     Slack       End Point TNS Clock 
    Info (332119): ========= =================== =====================
    Info (332119):     0.906               0.000 CLK 
    Info (332119):    10.927               0.000 CLKLO 
    Info (332119):    15.370               0.000 CLK50 
    Info (332119):    29.582               0.000 TCKo 
    Info (332119):    32.116               0.000 TCKi 
    Info (332119):    34.640               0.000 TCKC 
    Info (332119):    98.313               0.000 TMSC 
Info (332146): Worst-case hold slack is 0.305
    Info (332119):     Slack       End Point TNS Clock 
    Info (332119): ========= =================== =====================
    Info (332119):     0.305               0.000 CLK 
    Info (332119):     0.305               0.000 CLKLO 
    Info (332119):     0.306               0.000 TCKC 
    Info (332119):     0.306               0.000 TCKi 
    Info (332119):     0.306               0.000 TCKo 
    Info (332119):     0.323               0.000 CLK50 
    Info (332119):     0.339               0.000 TMSC 
Info (332146): Worst-case recovery slack is 1.589
    Info (332119):     Slack       End Point TNS Clock 
    Info (332119): ========= =================== =====================
    Info (332119):     1.589               0.000 CLK 
    Info (332119):    11.017               0.000 LOCK 
    Info (332119):    11.610               0.000 CLKLO 
    Info (332119):    35.817               0.000 TCKi 
    Info (332119):    38.239               0.000 TCKo 
    Info (332119):    40.857               0.000 TCKC 
Info (332146): Worst-case removal slack is 1.219
    Info (332119):     Slack       End Point TNS Clock 
    Info (332119): ========= =================== =====================
    Info (332119):     1.219               0.000 CLK 
    Info (332119):     1.219               0.000 CLKLO 
    Info (332119):     2.835               0.000 TCKC 
    Info (332119):     2.835               0.000 TCKo 
    Info (332119):     5.096               0.000 TCKi 
    Info (332119):     6.486               0.000 LOCK 
Info (332146): Worst-case minimum pulse width slack is 9.724
    Info (332119):     Slack       End Point TNS Clock 
    Info (332119): ========= =================== =====================
    Info (332119):     9.724               0.000 CLK50 
    Info (332119):    24.613               0.000 CLK 
    Info (332119):    49.657               0.000 TCKC 
    Info (332119):    49.657               0.000 TCKo 
    Info (332119):    49.665               0.000 TCKi 
    Info (332119):    49.757               0.000 LOCK 
    Info (332119):    49.759               0.000 TMSC 
    Info (332119):  4999.604               0.000 CLKLO 
Info (332114): Report Metastability: Found 7 synchronizer chains.
    Info (332114): The design MTBF is not calculated because there are no specified synchronizers in the design.
    Info (332114): Number of Synchronizer Chains Found: 7
    Info (332114): Shortest Synchronizer Chain: 2 Registers
    Info (332114): Fraction of Chains for which MTBFs Could Not be Calculated: 1.000
    Info (332114): Worst Case Available Settling Time: 79.220 ns
    Info (332114): 
Info: Analyzing Fast 1200mV 0C Model
Info (332097): The following timing edges are non-unate.  The Timing Analyzer will assume pos-unate behavior for these edges in the clock network.
    Info (332098): Cell: TMSC_rep~output  from: oe  to: o
Info (332123): Deriving Clock Uncertainty. Please refer to report_sdc in the Timing Analyzer to see clock uncertainties.
Warning (332056): PLL cross checking found inconsistent PLL clock settings:
    Warning (332056): Clock: CLK with period: 50.000 found on PLL node: U_CHIP_TOP|U_PLL|altpll_component|auto_generated|pll1|clk[0] does not match the period requirement: 20.000
    Warning (332056): Clock: CLKLO with period: 10000.000 found on PLL node: U_CHIP_TOP|U_PLL|altpll_component|auto_generated|pll1|clk[2] does not match the period requirement: 20.000
Info (332146): Worst-case setup slack is 2.958
    Info (332119):     Slack       End Point TNS Clock 
    Info (332119): ========= =================== =====================
    Info (332119):     2.958               0.000 CLK 
    Info (332119):    12.964               0.000 CLKLO 
    Info (332119):    17.298               0.000 CLK50 
    Info (332119):    35.784               0.000 TCKo 
    Info (332119):    37.087               0.000 TCKi 
    Info (332119):    39.096               0.000 TCKC 
    Info (332119):    99.221               0.000 TMSC 
Info (332146): Worst-case hold slack is 0.147
    Info (332119):     Slack       End Point TNS Clock 
    Info (332119): ========= =================== =====================
    Info (332119):     0.147               0.000 CLK 
    Info (332119):     0.147               0.000 CLKLO 
    Info (332119):     0.148               0.000 TCKC 
    Info (332119):     0.148               0.000 TCKi 
    Info (332119):     0.148               0.000 TCKo 
    Info (332119):     0.154               0.000 CLK50 
    Info (332119):     0.166               0.000 TMSC 
Info (332146): Worst-case recovery slack is 3.325
    Info (332119):     Slack       End Point TNS Clock 
    Info (332119): ========= =================== =====================
    Info (332119):     3.325               0.000 CLK 
    Info (332119):    12.798               0.000 LOCK 
    Info (332119):    13.331               0.000 CLKLO 
    Info (332119):    40.361               0.000 TCKi 
    Info (332119):    41.606               0.000 TCKo 
    Info (332119):    45.567               0.000 TCKC 
Info (332146): Worst-case removal slack is 0.453
    Info (332119):     Slack       End Point TNS Clock 
    Info (332119): ========= =================== =====================
    Info (332119):     0.453               0.000 CLKLO 
    Info (332119):     0.471               0.000 CLK 
    Info (332119):     1.260               0.000 TCKC 
    Info (332119):     1.260               0.000 TCKo 
    Info (332119):     2.576               0.000 TCKi 
    Info (332119):     2.994               0.000 LOCK 
Info (332146): Worst-case minimum pulse width slack is 9.342
    Info (332119):     Slack       End Point TNS Clock 
    Info (332119): ========= =================== =====================
    Info (332119):     9.342               0.000 CLK50 
    Info (332119):    24.581               0.000 CLK 
    Info (332119):    49.085               0.000 TCKC 
    Info (332119):    49.085               0.000 TCKo 
    Info (332119):    49.276               0.000 TCKi 
    Info (332119):    49.426               0.000 TMSC 
    Info (332119):    49.780               0.000 LOCK 
    Info (332119):  4999.582               0.000 CLKLO 
Info (332114): Report Metastability: Found 7 synchronizer chains.
    Info (332114): The design MTBF is not calculated because there are no specified synchronizers in the design.
    Info (332114): Number of Synchronizer Chains Found: 7
    Info (332114): Shortest Synchronizer Chain: 2 Registers
    Info (332114): Fraction of Chains for which MTBFs Could Not be Calculated: 1.000
    Info (332114): Worst Case Available Settling Time: 84.181 ns
    Info (332114): 
Info (332101): Design is fully constrained for setup requirements
Info (332101): Design is fully constrained for hold requirements
Info: Quartus Prime Timing Analyzer was successful. 0 errors, 13 warnings
    Info: Peak virtual memory: 13672 megabytes
    Info: Processing ended: Tue May 12 22:42:37 2026
    Info: Elapsed time: 00:00:43
    Info: Total CPU time (on all processors): 00:01:08


